"store_id","store_name","store_city","store_location","product_id","product_name","product_category","product_cost","product_price","stock_on_hand","inventory_status","previous_units_sold","recent_units_sold","average_daily_units","days_of_stock_coverage","demand_change_percent","unit_margin","estimated_recent_revenue","estimated_recent_gross_profit","inventory_value_at_cost"
1,"Maven Toys Guadalajara 1","Guadalajara","Residential",1,"Action Figure","Toys",9.99,15.99,27,"positive_stock",138,107,1.19,22.7,-22.5,6.00,1710.93,642.00,269.73
2,"Maven Toys Monterrey 1","Monterrey","Residential",1,"Action Figure","Toys",9.99,15.99,0,"confirmed_zero_stock",95,121,1.34,0.0,27.4,6.00,1934.79,726.00,0.00
3,"Maven Toys Guadalajara 2","Guadalajara","Commercial",1,"Action Figure","Toys",9.99,15.99,17,"positive_stock",207,55,0.61,27.8,-73.4,6.00,879.45,330.00,169.83
4,"Maven Toys Saltillo 1","Saltillo","Downtown",1,"Action Figure","Toys",9.99,15.99,2,"positive_stock",187,60,0.67,3.0,-67.9,6.00,959.40,360.00,19.98
5,"Maven Toys La Paz 1","La Paz","Downtown",1,"Action Figure","Toys",9.99,15.99,8,"positive_stock",131,41,0.46,17.6,-68.7,6.00,655.59,246.00,79.92
6,"Maven Toys Mexicali 1","Mexicali","Commercial",1,"Action Figure","Toys",9.99,15.99,0,"confirmed_zero_stock",239,32,0.36,0.0,-86.6,6.00,511.68,192.00,0.00
7,"Maven Toys Monterrey 2","Monterrey","Downtown",1,"Action Figure","Toys",9.99,15.99,14,"positive_stock",191,166,1.84,7.6,-13.1,6.00,2654.34,996.00,139.86
8,"Maven Toys Pachuca 1","Pachuca","Downtown",1,"Action Figure","Toys",9.99,15.99,10,"positive_stock",176,48,0.53,18.8,-72.7,6.00,767.52,288.00,99.90
9,"Maven Toys Ciudad de Mexico 1","Ciudad de Mexico","Downtown",1,"Action Figure","Toys",9.99,15.99,15,"positive_stock",246,168,1.87,8.0,-31.7,6.00,2686.32,1008.00,149.85
10,"Maven Toys Campeche 1","Campeche","Downtown",1,"Action Figure","Toys",9.99,15.99,5,"positive_stock",195,94,1.04,4.8,-51.8,6.00,1503.06,564.00,49.95
11,"Maven Toys Cuernavaca 1","Cuernavaca","Downtown",1,"Action Figure","Toys",9.99,15.99,19,"positive_stock",70,94,1.04,18.2,34.3,6.00,1503.06,564.00,189.81
12,"Maven Toys Chetumal 1","Chetumal","Downtown",1,"Action Figure","Toys",9.99,15.99,16,"positive_stock",205,147,1.63,9.8,-28.3,6.00,2350.53,882.00,159.84
13,"Maven Toys Mexicali 2","Mexicali","Downtown",1,"Action Figure","Toys",9.99,15.99,0,"confirmed_zero_stock",271,111,1.23,0.0,-59.0,6.00,1774.89,666.00,0.00
14,"Maven Toys Guanajuato 1","Guanajuato","Downtown",1,"Action Figure","Toys",9.99,15.99,21,"positive_stock",337,71,0.79,26.6,-78.9,6.00,1135.29,426.00,209.79
15,"Maven Toys Tuxtla Gutierrez 1","Tuxtla Gutierrez","Downtown",1,"Action Figure","Toys",9.99,15.99,24,"positive_stock",224,75,0.83,28.8,-66.5,6.00,1199.25,450.00,239.76
16,"Maven Toys San Luis Potosi 1","San Luis Potosi","Downtown",1,"Action Figure","Toys",9.99,15.99,13,"positive_stock",140,41,0.46,28.5,-70.7,6.00,655.59,246.00,129.87
17,"Maven Toys Toluca 1","Toluca","Downtown",1,"Action Figure","Toys",9.99,15.99,22,"positive_stock",277,94,1.04,21.1,-66.1,6.00,1503.06,564.00,219.78
18,"Maven Toys Merida 1","Merida","Downtown",1,"Action Figure","Toys",9.99,15.99,1,"positive_stock",64,85,0.94,1.1,32.8,6.00,1359.15,510.00,9.99
19,"Maven Toys Puebla 1","Puebla","Commercial",1,"Action Figure","Toys",9.99,15.99,5,"positive_stock",98,98,1.09,4.6,0.0,6.00,1567.02,588.00,49.95
20,"Maven Toys Zacatecas 1","Zacatecas","Downtown",1,"Action Figure","Toys",9.99,15.99,38,"positive_stock",188,76,0.84,45.0,-59.6,6.00,1215.24,456.00,379.62
21,"Maven Toys Santiago 1","Santiago","Downtown",1,"Action Figure","Toys",9.99,15.99,7,"positive_stock",140,73,0.81,8.6,-47.9,6.00,1167.27,438.00,69.93
22,"Maven Toys Guanajuato 2","Guanajuato","Commercial",1,"Action Figure","Toys",9.99,15.99,10,"positive_stock",67,98,1.09,9.2,46.3,6.00,1567.02,588.00,99.90
23,"Maven Toys Chihuahua 1","Chihuahua","Commercial",1,"Action Figure","Toys",9.99,15.99,4,"positive_stock",66,79,0.88,4.6,19.7,6.00,1263.21,474.00,39.96
24,"Maven Toys Aguascalientes 1","Aguascalientes","Downtown",1,"Action Figure","Toys",9.99,15.99,11,"positive_stock",31,20,0.22,49.5,-35.5,6.00,319.80,120.00,109.89
25,"Maven Toys Ciudad Victoria 1","Ciudad Victoria","Downtown",1,"Action Figure","Toys",9.99,15.99,8,"positive_stock",147,123,1.37,5.9,-16.3,6.00,1966.77,738.00,79.92
26,"Maven Toys Campeche 2","Campeche","Commercial",1,"Action Figure","Toys",9.99,15.99,6,"positive_stock",134,4,0.04,135.0,-97.0,6.00,63.96,24.00,59.94
27,"Maven Toys Oaxaca 1","Oaxaca","Downtown",1,"Action Figure","Toys",9.99,15.99,27,"positive_stock",82,164,1.82,14.8,100.0,6.00,2622.36,984.00,269.73
28,"Maven Toys Puebla 2","Puebla","Downtown",1,"Action Figure","Toys",9.99,15.99,6,"positive_stock",198,57,0.63,9.5,-71.2,6.00,911.43,342.00,59.94
29,"Maven Toys Xalapa 1","Xalapa","Commercial",1,"Action Figure","Toys",9.99,15.99,2,"positive_stock",162,87,0.97,2.1,-46.3,6.00,1391.13,522.00,19.98
30,"Maven Toys Guadalajara 3","Guadalajara","Airport",1,"Action Figure","Toys",9.99,15.99,15,"positive_stock",270,110,1.22,12.3,-59.3,6.00,1758.90,660.00,149.85
31,"Maven Toys Ciudad de Mexico 2","Ciudad de Mexico","Airport",1,"Action Figure","Toys",9.99,15.99,5,"positive_stock",429,124,1.38,3.6,-71.1,6.00,1982.76,744.00,49.95
32,"Maven Toys Hermosillo 1","Hermosillo","Residential",1,"Action Figure","Toys",9.99,15.99,25,"positive_stock",283,188,2.09,12.0,-33.6,6.00,3006.12,1128.00,249.75
33,"Maven Toys Monterrey 3","Monterrey","Airport",1,"Action Figure","Toys",9.99,15.99,10,"positive_stock",181,65,0.72,13.8,-64.1,6.00,1039.35,390.00,99.90
34,"Maven Toys Villahermosa 1","Villahermosa","Downtown",1,"Action Figure","Toys",9.99,15.99,5,"positive_stock",284,96,1.07,4.7,-66.2,6.00,1535.04,576.00,49.95
35,"Maven Toys Chilpancingo 1","Chilpancingo","Downtown",1,"Action Figure","Toys",9.99,15.99,8,"positive_stock",172,46,0.51,15.7,-73.3,6.00,735.54,276.00,79.92
36,"Maven Toys Morelia 1","Morelia","Downtown",1,"Action Figure","Toys",9.99,15.99,2,"positive_stock",92,61,0.68,3.0,-33.7,6.00,975.39,366.00,19.98
37,"Maven Toys Ciudad de Mexico 3","Ciudad de Mexico","Residential",1,"Action Figure","Toys",9.99,15.99,23,"positive_stock",209,244,2.71,8.5,16.7,6.00,3901.56,1464.00,229.77
38,"Maven Toys Chihuahua 2","Chihuahua","Downtown",1,"Action Figure","Toys",9.99,15.99,21,"positive_stock",285,126,1.40,15.0,-55.8,6.00,2014.74,756.00,209.79
39,"Maven Toys Xalapa 2","Xalapa","Downtown",1,"Action Figure","Toys",9.99,15.99,0,"confirmed_zero_stock",165,165,1.83,0.0,0.0,6.00,2638.35,990.00,0.00
40,"Maven Toys Toluca 2","Toluca","Commercial",1,"Action Figure","Toys",9.99,15.99,10,"positive_stock",99,131,1.46,6.9,32.3,6.00,2094.69,786.00,99.90
41,"Maven Toys Hermosillo 2","Hermosillo","Downtown",1,"Action Figure","Toys",9.99,15.99,21,"positive_stock",162,91,1.01,20.8,-43.8,6.00,1455.09,546.00,209.79
42,"Maven Toys Hermosillo 3","Hermosillo","Commercial",1,"Action Figure","Toys",9.99,15.99,8,"positive_stock",39,40,0.44,18.0,2.6,6.00,639.60,240.00,79.92
43,"Maven Toys Durango 1","Durango","Downtown",1,"Action Figure","Toys",9.99,15.99,24,"positive_stock",74,77,0.86,28.1,4.1,6.00,1231.23,462.00,239.76
44,"Maven Toys Puebla 3","Puebla","Residential",1,"Action Figure","Toys",9.99,15.99,0,"confirmed_zero_stock",97,136,1.51,0.0,40.2,6.00,2174.64,816.00,0.00
45,"Maven Toys Ciudad de Mexico 4","Ciudad de Mexico","Commercial",1,"Action Figure","Toys",9.99,15.99,26,"positive_stock",195,83,0.92,28.2,-57.4,6.00,1327.17,498.00,259.74
46,"Maven Toys Guadalajara 4","Guadalajara","Downtown",1,"Action Figure","Toys",9.99,15.99,11,"positive_stock",196,130,1.44,7.6,-33.7,6.00,2078.70,780.00,109.89
47,"Maven Toys Monterrey 4","Monterrey","Commercial",1,"Action Figure","Toys",9.99,15.99,11,"positive_stock",157,40,0.44,24.8,-74.5,6.00,639.60,240.00,109.89
48,"Maven Toys Saltillo 2","Saltillo","Commercial",1,"Action Figure","Toys",9.99,15.99,3,"positive_stock",58,52,0.58,5.2,-10.3,6.00,831.48,312.00,29.97
49,"Maven Toys Culiacan 1","Culiacan","Downtown",1,"Action Figure","Toys",9.99,15.99,30,"positive_stock",128,176,1.96,15.3,37.5,6.00,2814.24,1056.00,299.70
50,"Maven Toys Guanajuato 3","Guanajuato","Residential",1,"Action Figure","Toys",9.99,15.99,18,"positive_stock",49,17,0.19,95.3,-65.3,6.00,271.83,102.00,179.82
1,"Maven Toys Guadalajara 1","Guadalajara","Residential",2,"Animal Figures","Toys",9.99,12.99,0,"confirmed_zero_stock",61,123,1.37,0.0,101.6,3.00,1597.77,369.00,0.00
2,"Maven Toys Monterrey 1","Monterrey","Residential",2,"Animal Figures","Toys",9.99,12.99,6,"positive_stock",17,81,0.90,6.7,376.5,3.00,1052.19,243.00,59.94
3,"Maven Toys Guadalajara 2","Guadalajara","Commercial",2,"Animal Figures","Toys",9.99,12.99,8,"positive_stock",129,206,2.29,3.5,59.7,3.00,2675.94,618.00,79.92
4,"Maven Toys Saltillo 1","Saltillo","Downtown",2,"Animal Figures","Toys",9.99,12.99,18,"positive_stock",77,39,0.43,41.5,-49.4,3.00,506.61,117.00,179.82
5,"Maven Toys La Paz 1","La Paz","Downtown",2,"Animal Figures","Toys",9.99,12.99,14,"positive_stock",34,26,0.29,48.5,-23.5,3.00,337.74,78.00,139.86
6,"Maven Toys Mexicali 1","Mexicali","Commercial",2,"Animal Figures","Toys",9.99,12.99,47,"positive_stock",130,91,1.01,46.5,-30.0,3.00,1182.09,273.00,469.53
7,"Maven Toys Monterrey 2","Monterrey","Downtown",2,"Animal Figures","Toys",9.99,12.99,7,"positive_stock",172,276,3.07,2.3,60.5,3.00,3585.24,828.00,69.93
8,"Maven Toys Pachuca 1","Pachuca","Downtown",2,"Animal Figures","Toys",9.99,12.99,11,"positive_stock",93,43,0.48,23.0,-53.8,3.00,558.57,129.00,109.89
9,"Maven Toys Ciudad de Mexico 1","Ciudad de Mexico","Downtown",2,"Animal Figures","Toys",9.99,12.99,18,"positive_stock",176,165,1.83,9.8,-6.3,3.00,2143.35,495.00,179.82
10,"Maven Toys Campeche 1","Campeche","Downtown",2,"Animal Figures","Toys",9.99,12.99,17,"positive_stock",0,5,0.06,306.0,NULL,3.00,64.95,15.00,169.83
11,"Maven Toys Cuernavaca 1","Cuernavaca","Downtown",2,"Animal Figures","Toys",9.99,12.99,18,"positive_stock",91,47,0.52,34.5,-48.4,3.00,610.53,141.00,179.82
12,"Maven Toys Chetumal 1","Chetumal","Downtown",2,"Animal Figures","Toys",9.99,12.99,16,"positive_stock",98,113,1.26,12.7,15.3,3.00,1467.87,339.00,159.84
13,"Maven Toys Mexicali 2","Mexicali","Downtown",2,"Animal Figures","Toys",9.99,12.99,2,"positive_stock",225,181,2.01,1.0,-19.6,3.00,2351.19,543.00,19.98
14,"Maven Toys Guanajuato 1","Guanajuato","Downtown",2,"Animal Figures","Toys",9.99,12.99,5,"positive_stock",105,239,2.66,1.9,127.6,3.00,3104.61,717.00,49.95
15,"Maven Toys Tuxtla Gutierrez 1","Tuxtla Gutierrez","Downtown",2,"Animal Figures","Toys",9.99,12.99,5,"positive_stock",192,86,0.96,5.2,-55.2,3.00,1117.14,258.00,49.95
16,"Maven Toys San Luis Potosi 1","San Luis Potosi","Downtown",2,"Animal Figures","Toys",9.99,12.99,28,"positive_stock",206,93,1.03,27.1,-54.9,3.00,1208.07,279.00,279.72
17,"Maven Toys Toluca 1","Toluca","Downtown",2,"Animal Figures","Toys",9.99,12.99,15,"positive_stock",96,253,2.81,5.3,163.5,3.00,3286.47,759.00,149.85
18,"Maven Toys Merida 1","Merida","Downtown",2,"Animal Figures","Toys",9.99,12.99,12,"positive_stock",79,125,1.39,8.6,58.2,3.00,1623.75,375.00,119.88
19,"Maven Toys Puebla 1","Puebla","Commercial",2,"Animal Figures","Toys",9.99,12.99,14,"positive_stock",42,58,0.64,21.7,38.1,3.00,753.42,174.00,139.86
20,"Maven Toys Zacatecas 1","Zacatecas","Downtown",2,"Animal Figures","Toys",9.99,12.99,2,"positive_stock",53,138,1.53,1.3,160.4,3.00,1792.62,414.00,19.98
21,"Maven Toys Santiago 1","Santiago","Downtown",2,"Animal Figures","Toys",9.99,12.99,24,"positive_stock",59,100,1.11,21.6,69.5,3.00,1299.00,300.00,239.76
22,"Maven Toys Guanajuato 2","Guanajuato","Commercial",2,"Animal Figures","Toys",9.99,12.99,25,"positive_stock",109,109,1.21,20.6,0.0,3.00,1415.91,327.00,249.75
23,"Maven Toys Chihuahua 1","Chihuahua","Commercial",2,"Animal Figures","Toys",9.99,12.99,11,"positive_stock",40,60,0.67,16.5,50.0,3.00,779.40,180.00,109.89
24,"Maven Toys Aguascalientes 1","Aguascalientes","Downtown",2,"Animal Figures","Toys",9.99,12.99,25,"positive_stock",127,117,1.30,19.2,-7.9,3.00,1519.83,351.00,249.75
25,"Maven Toys Ciudad Victoria 1","Ciudad Victoria","Downtown",2,"Animal Figures","Toys",9.99,12.99,18,"positive_stock",248,114,1.27,14.2,-54.0,3.00,1480.86,342.00,179.82
26,"Maven Toys Campeche 2","Campeche","Commercial",2,"Animal Figures","Toys",9.99,12.99,15,"positive_stock",129,50,0.56,27.0,-61.2,3.00,649.50,150.00,149.85
27,"Maven Toys Oaxaca 1","Oaxaca","Downtown",2,"Animal Figures","Toys",9.99,12.99,30,"positive_stock",156,124,1.38,21.8,-20.5,3.00,1610.76,372.00,299.70
28,"Maven Toys Puebla 2","Puebla","Downtown",2,"Animal Figures","Toys",9.99,12.99,0,"confirmed_zero_stock",76,90,1.00,0.0,18.4,3.00,1169.10,270.00,0.00
29,"Maven Toys Xalapa 1","Xalapa","Commercial",2,"Animal Figures","Toys",9.99,12.99,15,"positive_stock",60,125,1.39,10.8,108.3,3.00,1623.75,375.00,149.85
30,"Maven Toys Guadalajara 3","Guadalajara","Airport",2,"Animal Figures","Toys",9.99,12.99,30,"positive_stock",183,191,2.12,14.1,4.4,3.00,2481.09,573.00,299.70
31,"Maven Toys Ciudad de Mexico 2","Ciudad de Mexico","Airport",2,"Animal Figures","Toys",9.99,12.99,36,"positive_stock",371,184,2.04,17.6,-50.4,3.00,2390.16,552.00,359.64
32,"Maven Toys Hermosillo 1","Hermosillo","Residential",2,"Animal Figures","Toys",9.99,12.99,10,"positive_stock",78,3,0.03,300.0,-96.2,3.00,38.97,9.00,99.90
33,"Maven Toys Monterrey 3","Monterrey","Airport",2,"Animal Figures","Toys",9.99,12.99,16,"positive_stock",94,34,0.38,42.4,-63.8,3.00,441.66,102.00,159.84
34,"Maven Toys Villahermosa 1","Villahermosa","Downtown",2,"Animal Figures","Toys",9.99,12.99,25,"positive_stock",147,63,0.70,35.7,-57.1,3.00,818.37,189.00,249.75
35,"Maven Toys Chilpancingo 1","Chilpancingo","Downtown",2,"Animal Figures","Toys",9.99,12.99,37,"positive_stock",69,75,0.83,44.4,8.7,3.00,974.25,225.00,369.63
36,"Maven Toys Morelia 1","Morelia","Downtown",2,"Animal Figures","Toys",9.99,12.99,26,"positive_stock",172,86,0.96,27.2,-50.0,3.00,1117.14,258.00,259.74
37,"Maven Toys Ciudad de Mexico 3","Ciudad de Mexico","Residential",2,"Animal Figures","Toys",9.99,12.99,3,"positive_stock",177,242,2.69,1.1,36.7,3.00,3143.58,726.00,29.97
38,"Maven Toys Chihuahua 2","Chihuahua","Downtown",2,"Animal Figures","Toys",9.99,12.99,34,"positive_stock",99,84,0.93,36.4,-15.2,3.00,1091.16,252.00,339.66
39,"Maven Toys Xalapa 2","Xalapa","Downtown",2,"Animal Figures","Toys",9.99,12.99,9,"positive_stock",142,105,1.17,7.7,-26.1,3.00,1363.95,315.00,89.91
40,"Maven Toys Toluca 2","Toluca","Commercial",2,"Animal Figures","Toys",9.99,12.99,29,"positive_stock",77,91,1.01,28.7,18.2,3.00,1182.09,273.00,289.71
41,"Maven Toys Hermosillo 2","Hermosillo","Downtown",2,"Animal Figures","Toys",9.99,12.99,19,"positive_stock",159,109,1.21,15.7,-31.4,3.00,1415.91,327.00,189.81
42,"Maven Toys Hermosillo 3","Hermosillo","Commercial",2,"Animal Figures","Toys",9.99,12.99,10,"positive_stock",92,80,0.89,11.3,-13.0,3.00,1039.20,240.00,99.90
43,"Maven Toys Durango 1","Durango","Downtown",2,"Animal Figures","Toys",9.99,12.99,8,"positive_stock",73,67,0.74,10.7,-8.2,3.00,870.33,201.00,79.92
44,"Maven Toys Puebla 3","Puebla","Residential",2,"Animal Figures","Toys",9.99,12.99,4,"positive_stock",61,144,1.60,2.5,136.1,3.00,1870.56,432.00,39.96
45,"Maven Toys Ciudad de Mexico 4","Ciudad de Mexico","Commercial",2,"Animal Figures","Toys",9.99,12.99,23,"positive_stock",180,210,2.33,9.9,16.7,3.00,2727.90,630.00,229.77
46,"Maven Toys Guadalajara 4","Guadalajara","Downtown",2,"Animal Figures","Toys",9.99,12.99,3,"positive_stock",147,173,1.92,1.6,17.7,3.00,2247.27,519.00,29.97
47,"Maven Toys Monterrey 4","Monterrey","Commercial",2,"Animal Figures","Toys",9.99,12.99,15,"positive_stock",99,279,3.10,4.8,181.8,3.00,3624.21,837.00,149.85
48,"Maven Toys Saltillo 2","Saltillo","Commercial",2,"Animal Figures","Toys",9.99,12.99,23,"positive_stock",57,47,0.52,44.0,-17.5,3.00,610.53,141.00,229.77
49,"Maven Toys Culiacan 1","Culiacan","Downtown",2,"Animal Figures","Toys",9.99,12.99,0,"confirmed_zero_stock",64,456,5.07,0.0,612.5,3.00,5923.44,1368.00,0.00
50,"Maven Toys Guanajuato 3","Guanajuato","Residential",2,"Animal Figures","Toys",9.99,12.99,49,"positive_stock",119,77,0.86,57.3,-35.3,3.00,1000.23,231.00,489.51
1,"Maven Toys Guadalajara 1","Guadalajara","Residential",3,"Barrel O' Slime","Art & Crafts",1.99,3.99,32,"positive_stock",387,247,2.74,11.7,-36.2,2.00,985.53,494.00,63.68
2,"Maven Toys Monterrey 1","Monterrey","Residential",3,"Barrel O' Slime","Art & Crafts",1.99,3.99,18,"positive_stock",596,425,4.72,3.8,-28.7,2.00,1695.75,850.00,35.82
3,"Maven Toys Guadalajara 2","Guadalajara","Commercial",3,"Barrel O' Slime","Art & Crafts",1.99,3.99,35,"positive_stock",476,270,3.00,11.7,-43.3,2.00,1077.30,540.00,69.65
4,"Maven Toys Saltillo 1","Saltillo","Downtown",3,"Barrel O' Slime","Art & Crafts",1.99,3.99,6,"positive_stock",423,239,2.66,2.3,-43.5,2.00,953.61,478.00,11.94
5,"Maven Toys La Paz 1","La Paz","Downtown",3,"Barrel O' Slime","Art & Crafts",1.99,3.99,3,"positive_stock",216,223,2.48,1.2,3.2,2.00,889.77,446.00,5.97
6,"Maven Toys Mexicali 1","Mexicali","Commercial",3,"Barrel O' Slime","Art & Crafts",1.99,3.99,20,"positive_stock",236,291,3.23,6.2,23.3,2.00,1161.09,582.00,39.80
7,"Maven Toys Monterrey 2","Monterrey","Downtown",3,"Barrel O' Slime","Art & Crafts",1.99,3.99,10,"positive_stock",588,364,4.04,2.5,-38.1,2.00,1452.36,728.00,19.90
8,"Maven Toys Pachuca 1","Pachuca","Downtown",3,"Barrel O' Slime","Art & Crafts",1.99,3.99,8,"positive_stock",615,113,1.26,6.4,-81.6,2.00,450.87,226.00,15.92
9,"Maven Toys Ciudad de Mexico 1","Ciudad de Mexico","Downtown",3,"Barrel O' Slime","Art & Crafts",1.99,3.99,10,"positive_stock",1235,570,6.33,1.6,-53.8,2.00,2274.30,1140.00,19.90
10,"Maven Toys Campeche 1","Campeche","Downtown",3,"Barrel O' Slime","Art & Crafts",1.99,3.99,15,"positive_stock",552,210,2.33,6.4,-62.0,2.00,837.90,420.00,29.85
11,"Maven Toys Cuernavaca 1","Cuernavaca","Downtown",3,"Barrel O' Slime","Art & Crafts",1.99,3.99,18,"positive_stock",300,402,4.47,4.0,34.0,2.00,1603.98,804.00,35.82
12,"Maven Toys Chetumal 1","Chetumal","Downtown",3,"Barrel O' Slime","Art & Crafts",1.99,3.99,44,"positive_stock",264,359,3.99,11.0,36.0,2.00,1432.41,718.00,87.56
13,"Maven Toys Mexicali 2","Mexicali","Downtown",3,"Barrel O' Slime","Art & Crafts",1.99,3.99,3,"positive_stock",879,320,3.56,0.8,-63.6,2.00,1276.80,640.00,5.97
14,"Maven Toys Guanajuato 1","Guanajuato","Downtown",3,"Barrel O' Slime","Art & Crafts",1.99,3.99,22,"positive_stock",445,311,3.46,6.4,-30.1,2.00,1240.89,622.00,43.78
15,"Maven Toys Tuxtla Gutierrez 1","Tuxtla Gutierrez","Downtown",3,"Barrel O' Slime","Art & Crafts",1.99,3.99,3,"positive_stock",329,256,2.84,1.1,-22.2,2.00,1021.44,512.00,5.97
16,"Maven Toys San Luis Potosi 1","San Luis Potosi","Downtown",3,"Barrel O' Slime","Art & Crafts",1.99,3.99,37,"positive_stock",266,343,3.81,9.7,28.9,2.00,1368.57,686.00,73.63
17,"Maven Toys Toluca 1","Toluca","Downtown",3,"Barrel O' Slime","Art & Crafts",1.99,3.99,8,"positive_stock",759,566,6.29,1.3,-25.4,2.00,2258.34,1132.00,15.92
18,"Maven Toys Merida 1","Merida","Downtown",3,"Barrel O' Slime","Art & Crafts",1.99,3.99,64,"positive_stock",386,239,2.66,24.1,-38.1,2.00,953.61,478.00,127.36
19,"Maven Toys Puebla 1","Puebla","Commercial",3,"Barrel O' Slime","Art & Crafts",1.99,3.99,7,"positive_stock",441,306,3.40,2.1,-30.6,2.00,1220.94,612.00,13.93
20,"Maven Toys Zacatecas 1","Zacatecas","Downtown",3,"Barrel O' Slime","Art & Crafts",1.99,3.99,24,"positive_stock",366,261,2.90,8.3,-28.7,2.00,1041.39,522.00,47.76
21,"Maven Toys Santiago 1","Santiago","Downtown",3,"Barrel O' Slime","Art & Crafts",1.99,3.99,74,"positive_stock",377,263,2.92,25.3,-30.2,2.00,1049.37,526.00,147.26
22,"Maven Toys Guanajuato 2","Guanajuato","Commercial",3,"Barrel O' Slime","Art & Crafts",1.99,3.99,0,"confirmed_zero_stock",345,123,1.37,0.0,-64.3,2.00,490.77,246.00,0.00
23,"Maven Toys Chihuahua 1","Chihuahua","Commercial",3,"Barrel O' Slime","Art & Crafts",1.99,3.99,5,"positive_stock",334,181,2.01,2.5,-45.8,2.00,722.19,362.00,9.95
24,"Maven Toys Aguascalientes 1","Aguascalientes","Downtown",3,"Barrel O' Slime","Art & Crafts",1.99,3.99,13,"positive_stock",378,124,1.38,9.4,-67.2,2.00,494.76,248.00,25.87
25,"Maven Toys Ciudad Victoria 1","Ciudad Victoria","Downtown",3,"Barrel O' Slime","Art & Crafts",1.99,3.99,43,"positive_stock",318,238,2.64,16.3,-25.2,2.00,949.62,476.00,85.57
26,"Maven Toys Campeche 2","Campeche","Commercial",3,"Barrel O' Slime","Art & Crafts",1.99,3.99,15,"positive_stock",310,254,2.82,5.3,-18.1,2.00,1013.46,508.00,29.85
27,"Maven Toys Oaxaca 1","Oaxaca","Downtown",3,"Barrel O' Slime","Art & Crafts",1.99,3.99,55,"positive_stock",342,277,3.08,17.9,-19.0,2.00,1105.23,554.00,109.45
28,"Maven Toys Puebla 2","Puebla","Downtown",3,"Barrel O' Slime","Art & Crafts",1.99,3.99,60,"positive_stock",592,374,4.16,14.4,-36.8,2.00,1492.26,748.00,119.40
29,"Maven Toys Xalapa 1","Xalapa","Commercial",3,"Barrel O' Slime","Art & Crafts",1.99,3.99,17,"positive_stock",270,133,1.48,11.5,-50.7,2.00,530.67,266.00,33.83
30,"Maven Toys Guadalajara 3","Guadalajara","Airport",3,"Barrel O' Slime","Art & Crafts",1.99,3.99,10,"positive_stock",563,263,2.92,3.4,-53.3,2.00,1049.37,526.00,19.90
31,"Maven Toys Ciudad de Mexico 2","Ciudad de Mexico","Airport",3,"Barrel O' Slime","Art & Crafts",1.99,3.99,36,"positive_stock",728,628,6.98,5.2,-13.7,2.00,2505.72,1256.00,71.64
32,"Maven Toys Hermosillo 1","Hermosillo","Residential",3,"Barrel O' Slime","Art & Crafts",1.99,3.99,45,"positive_stock",705,350,3.89,11.6,-50.4,2.00,1396.50,700.00,89.55
33,"Maven Toys Monterrey 3","Monterrey","Airport",3,"Barrel O' Slime","Art & Crafts",1.99,3.99,21,"positive_stock",160,162,1.80,11.7,1.3,2.00,646.38,324.00,41.79
34,"Maven Toys Villahermosa 1","Villahermosa","Downtown",3,"Barrel O' Slime","Art & Crafts",1.99,3.99,17,"positive_stock",349,228,2.53,6.7,-34.7,2.00,909.72,456.00,33.83
35,"Maven Toys Chilpancingo 1","Chilpancingo","Downtown",3,"Barrel O' Slime","Art & Crafts",1.99,3.99,12,"positive_stock",345,203,2.26,5.3,-41.2,2.00,809.97,406.00,23.88
36,"Maven Toys Morelia 1","Morelia","Downtown",3,"Barrel O' Slime","Art & Crafts",1.99,3.99,26,"positive_stock",83,19,0.21,123.2,-77.1,2.00,75.81,38.00,51.74
37,"Maven Toys Ciudad de Mexico 3","Ciudad de Mexico","Residential",3,"Barrel O' Slime","Art & Crafts",1.99,3.99,4,"positive_stock",692,495,5.50,0.7,-28.5,2.00,1975.05,990.00,7.96
38,"Maven Toys Chihuahua 2","Chihuahua","Downtown",3,"Barrel O' Slime","Art & Crafts",1.99,3.99,54,"positive_stock",346,312,3.47,15.6,-9.8,2.00,1244.88,624.00,107.46
39,"Maven Toys Xalapa 2","Xalapa","Downtown",3,"Barrel O' Slime","Art & Crafts",1.99,3.99,13,"positive_stock",438,381,4.23,3.1,-13.0,2.00,1520.19,762.00,25.87
40,"Maven Toys Toluca 2","Toluca","Commercial",3,"Barrel O' Slime","Art & Crafts",1.99,3.99,9,"positive_stock",239,148,1.64,5.5,-38.1,2.00,590.52,296.00,17.91
41,"Maven Toys Hermosillo 2","Hermosillo","Downtown",3,"Barrel O' Slime","Art & Crafts",1.99,3.99,63,"positive_stock",301,244,2.71,23.2,-18.9,2.00,973.56,488.00,125.37
42,"Maven Toys Hermosillo 3","Hermosillo","Commercial",3,"Barrel O' Slime","Art & Crafts",1.99,3.99,32,"positive_stock",170,88,0.98,32.7,-48.2,2.00,351.12,176.00,63.68
43,"Maven Toys Durango 1","Durango","Downtown",3,"Barrel O' Slime","Art & Crafts",1.99,3.99,20,"positive_stock",164,256,2.84,7.0,56.1,2.00,1021.44,512.00,39.80
44,"Maven Toys Puebla 3","Puebla","Residential",3,"Barrel O' Slime","Art & Crafts",1.99,3.99,19,"positive_stock",665,431,4.79,4.0,-35.2,2.00,1719.69,862.00,37.81
45,"Maven Toys Ciudad de Mexico 4","Ciudad de Mexico","Commercial",3,"Barrel O' Slime","Art & Crafts",1.99,3.99,63,"positive_stock",395,151,1.68,37.5,-61.8,2.00,602.49,302.00,125.37
46,"Maven Toys Guadalajara 4","Guadalajara","Downtown",3,"Barrel O' Slime","Art & Crafts",1.99,3.99,24,"positive_stock",260,381,4.23,5.7,46.5,2.00,1520.19,762.00,47.76
47,"Maven Toys Monterrey 4","Monterrey","Commercial",3,"Barrel O' Slime","Art & Crafts",1.99,3.99,74,"positive_stock",110,207,2.30,32.2,88.2,2.00,825.93,414.00,147.26
48,"Maven Toys Saltillo 2","Saltillo","Commercial",3,"Barrel O' Slime","Art & Crafts",1.99,3.99,35,"positive_stock",132,144,1.60,21.9,9.1,2.00,574.56,288.00,69.65
49,"Maven Toys Culiacan 1","Culiacan","Downtown",3,"Barrel O' Slime","Art & Crafts",1.99,3.99,14,"positive_stock",485,302,3.36,4.2,-37.7,2.00,1204.98,604.00,27.86
50,"Maven Toys Guanajuato 3","Guanajuato","Residential",3,"Barrel O' Slime","Art & Crafts",1.99,3.99,22,"positive_stock",276,303,3.37,6.5,9.8,2.00,1208.97,606.00,43.78
1,"Maven Toys Guadalajara 1","Guadalajara","Residential",4,"Chutes & Ladders","Games",9.99,12.99,6,"positive_stock",0,27,0.30,20.0,NULL,3.00,350.73,81.00,59.94
2,"Maven Toys Monterrey 1","Monterrey","Residential",4,"Chutes & Ladders","Games",9.99,12.99,NULL,"inventory_record_missing",0,0,0.00,NULL,NULL,3.00,0.00,0.00,NULL
3,"Maven Toys Guadalajara 2","Guadalajara","Commercial",4,"Chutes & Ladders","Games",9.99,12.99,NULL,"inventory_record_missing",0,0,0.00,NULL,NULL,3.00,0.00,0.00,NULL
4,"Maven Toys Saltillo 1","Saltillo","Downtown",4,"Chutes & Ladders","Games",9.99,12.99,2,"positive_stock",48,72,0.80,2.5,50.0,3.00,935.28,216.00,19.98
5,"Maven Toys La Paz 1","La Paz","Downtown",4,"Chutes & Ladders","Games",9.99,12.99,NULL,"inventory_record_missing",0,0,0.00,NULL,NULL,3.00,0.00,0.00,NULL
6,"Maven Toys Mexicali 1","Mexicali","Commercial",4,"Chutes & Ladders","Games",9.99,12.99,14,"positive_stock",55,38,0.42,33.2,-30.9,3.00,493.62,114.00,139.86
7,"Maven Toys Monterrey 2","Monterrey","Downtown",4,"Chutes & Ladders","Games",9.99,12.99,17,"positive_stock",55,76,0.84,20.1,38.2,3.00,987.24,228.00,169.83
8,"Maven Toys Pachuca 1","Pachuca","Downtown",4,"Chutes & Ladders","Games",9.99,12.99,18,"positive_stock",32,17,0.19,95.3,-46.9,3.00,220.83,51.00,179.82
9,"Maven Toys Ciudad de Mexico 1","Ciudad de Mexico","Downtown",4,"Chutes & Ladders","Games",9.99,12.99,6,"positive_stock",7,16,0.18,33.8,128.6,3.00,207.84,48.00,59.94
10,"Maven Toys Campeche 1","Campeche","Downtown",4,"Chutes & Ladders","Games",9.99,12.99,17,"positive_stock",9,44,0.49,34.8,388.9,3.00,571.56,132.00,169.83
11,"Maven Toys Cuernavaca 1","Cuernavaca","Downtown",4,"Chutes & Ladders","Games",9.99,12.99,NULL,"inventory_record_missing",0,0,0.00,NULL,NULL,3.00,0.00,0.00,NULL
12,"Maven Toys Chetumal 1","Chetumal","Downtown",4,"Chutes & Ladders","Games",9.99,12.99,8,"positive_stock",43,8,0.09,90.0,-81.4,3.00,103.92,24.00,79.92
13,"Maven Toys Mexicali 2","Mexicali","Downtown",4,"Chutes & Ladders","Games",9.99,12.99,NULL,"inventory_record_missing",0,0,0.00,NULL,NULL,3.00,0.00,0.00,NULL
14,"Maven Toys Guanajuato 1","Guanajuato","Downtown",4,"Chutes & Ladders","Games",9.99,12.99,NULL,"inventory_record_missing",0,0,0.00,NULL,NULL,3.00,0.00,0.00,NULL
15,"Maven Toys Tuxtla Gutierrez 1","Tuxtla Gutierrez","Downtown",4,"Chutes & Ladders","Games",9.99,12.99,NULL,"inventory_record_missing",0,0,0.00,NULL,NULL,3.00,0.00,0.00,NULL
16,"Maven Toys San Luis Potosi 1","San Luis Potosi","Downtown",4,"Chutes & Ladders","Games",9.99,12.99,7,"positive_stock",8,7,0.08,90.0,-12.5,3.00,90.93,21.00,69.93
17,"Maven Toys Toluca 1","Toluca","Downtown",4,"Chutes & Ladders","Games",9.99,12.99,NULL,"inventory_record_missing",0,0,0.00,NULL,NULL,3.00,0.00,0.00,NULL
18,"Maven Toys Merida 1","Merida","Downtown",4,"Chutes & Ladders","Games",9.99,12.99,10,"positive_stock",40,6,0.07,150.0,-85.0,3.00,77.94,18.00,99.90
19,"Maven Toys Puebla 1","Puebla","Commercial",4,"Chutes & Ladders","Games",9.99,12.99,18,"positive_stock",22,6,0.07,270.0,-72.7,3.00,77.94,18.00,179.82
20,"Maven Toys Zacatecas 1","Zacatecas","Downtown",4,"Chutes & Ladders","Games",9.99,12.99,NULL,"inventory_record_missing",0,0,0.00,NULL,NULL,3.00,0.00,0.00,NULL
21,"Maven Toys Santiago 1","Santiago","Downtown",4,"Chutes & Ladders","Games",9.99,12.99,NULL,"inventory_record_missing",0,0,0.00,NULL,NULL,3.00,0.00,0.00,NULL
22,"Maven Toys Guanajuato 2","Guanajuato","Commercial",4,"Chutes & Ladders","Games",9.99,12.99,6,"positive_stock",27,24,0.27,22.5,-11.1,3.00,311.76,72.00,59.94
23,"Maven Toys Chihuahua 1","Chihuahua","Commercial",4,"Chutes & Ladders","Games",9.99,12.99,3,"positive_stock",0,14,0.16,19.3,NULL,3.00,181.86,42.00,29.97
24,"Maven Toys Aguascalientes 1","Aguascalientes","Downtown",4,"Chutes & Ladders","Games",9.99,12.99,1,"positive_stock",36,5,0.06,18.0,-86.1,3.00,64.95,15.00,9.99
25,"Maven Toys Ciudad Victoria 1","Ciudad Victoria","Downtown",4,"Chutes & Ladders","Games",9.99,12.99,NULL,"inventory_record_missing",0,0,0.00,NULL,NULL,3.00,0.00,0.00,NULL
26,"Maven Toys Campeche 2","Campeche","Commercial",4,"Chutes & Ladders","Games",9.99,12.99,12,"positive_stock",12,10,0.11,108.0,-16.7,3.00,129.90,30.00,119.88
27,"Maven Toys Oaxaca 1","Oaxaca","Downtown",4,"Chutes & Ladders","Games",9.99,12.99,NULL,"inventory_record_missing",0,0,0.00,NULL,NULL,3.00,0.00,0.00,NULL
28,"Maven Toys Puebla 2","Puebla","Downtown",4,"Chutes & Ladders","Games",9.99,12.99,NULL,"inventory_record_missing",0,0,0.00,NULL,NULL,3.00,0.00,0.00,NULL
29,"Maven Toys Xalapa 1","Xalapa","Commercial",4,"Chutes & Ladders","Games",9.99,12.99,NULL,"inventory_record_missing",0,0,0.00,NULL,NULL,3.00,0.00,0.00,NULL
30,"Maven Toys Guadalajara 3","Guadalajara","Airport",4,"Chutes & Ladders","Games",9.99,12.99,NULL,"inventory_record_missing",0,0,0.00,NULL,NULL,3.00,0.00,0.00,NULL
31,"Maven Toys Ciudad de Mexico 2","Ciudad de Mexico","Airport",4,"Chutes & Ladders","Games",9.99,12.99,NULL,"inventory_record_missing",0,0,0.00,NULL,NULL,3.00,0.00,0.00,NULL
32,"Maven Toys Hermosillo 1","Hermosillo","Residential",4,"Chutes & Ladders","Games",9.99,12.99,NULL,"inventory_record_missing",0,0,0.00,NULL,NULL,3.00,0.00,0.00,NULL
33,"Maven Toys Monterrey 3","Monterrey","Airport",4,"Chutes & Ladders","Games",9.99,12.99,15,"positive_stock",41,1,0.01,1350.0,-97.6,3.00,12.99,3.00,149.85
34,"Maven Toys Villahermosa 1","Villahermosa","Downtown",4,"Chutes & Ladders","Games",9.99,12.99,15,"positive_stock",6,7,0.08,192.9,16.7,3.00,90.93,21.00,149.85
35,"Maven Toys Chilpancingo 1","Chilpancingo","Downtown",4,"Chutes & Ladders","Games",9.99,12.99,NULL,"inventory_record_missing",0,0,0.00,NULL,NULL,3.00,0.00,0.00,NULL
36,"Maven Toys Morelia 1","Morelia","Downtown",4,"Chutes & Ladders","Games",9.99,12.99,0,"confirmed_zero_stock",6,54,0.60,0.0,800.0,3.00,701.46,162.00,0.00
37,"Maven Toys Ciudad de Mexico 3","Ciudad de Mexico","Residential",4,"Chutes & Ladders","Games",9.99,12.99,4,"positive_stock",5,49,0.54,7.3,880.0,3.00,636.51,147.00,39.96
38,"Maven Toys Chihuahua 2","Chihuahua","Downtown",4,"Chutes & Ladders","Games",9.99,12.99,15,"positive_stock",4,36,0.40,37.5,800.0,3.00,467.64,108.00,149.85
39,"Maven Toys Xalapa 2","Xalapa","Downtown",4,"Chutes & Ladders","Games",9.99,12.99,NULL,"inventory_record_missing",0,0,0.00,NULL,NULL,3.00,0.00,0.00,NULL
40,"Maven Toys Toluca 2","Toluca","Commercial",4,"Chutes & Ladders","Games",9.99,12.99,NULL,"inventory_record_missing",0,0,0.00,NULL,NULL,3.00,0.00,0.00,NULL
41,"Maven Toys Hermosillo 2","Hermosillo","Downtown",4,"Chutes & Ladders","Games",9.99,12.99,0,"confirmed_zero_stock",21,34,0.38,0.0,61.9,3.00,441.66,102.00,0.00
42,"Maven Toys Hermosillo 3","Hermosillo","Commercial",4,"Chutes & Ladders","Games",9.99,12.99,11,"positive_stock",5,19,0.21,52.1,280.0,3.00,246.81,57.00,109.89
43,"Maven Toys Durango 1","Durango","Downtown",4,"Chutes & Ladders","Games",9.99,12.99,NULL,"inventory_record_missing",0,0,0.00,NULL,NULL,3.00,0.00,0.00,NULL
44,"Maven Toys Puebla 3","Puebla","Residential",4,"Chutes & Ladders","Games",9.99,12.99,NULL,"inventory_record_missing",0,0,0.00,NULL,NULL,3.00,0.00,0.00,NULL
45,"Maven Toys Ciudad de Mexico 4","Ciudad de Mexico","Commercial",4,"Chutes & Ladders","Games",9.99,12.99,NULL,"inventory_record_missing",0,0,0.00,NULL,NULL,3.00,0.00,0.00,NULL
46,"Maven Toys Guadalajara 4","Guadalajara","Downtown",4,"Chutes & Ladders","Games",9.99,12.99,NULL,"inventory_record_missing",0,0,0.00,NULL,NULL,3.00,0.00,0.00,NULL
47,"Maven Toys Monterrey 4","Monterrey","Commercial",4,"Chutes & Ladders","Games",9.99,12.99,NULL,"inventory_record_missing",0,0,0.00,NULL,NULL,3.00,0.00,0.00,NULL
48,"Maven Toys Saltillo 2","Saltillo","Commercial",4,"Chutes & Ladders","Games",9.99,12.99,15,"positive_stock",40,17,0.19,79.4,-57.5,3.00,220.83,51.00,149.85
49,"Maven Toys Culiacan 1","Culiacan","Downtown",4,"Chutes & Ladders","Games",9.99,12.99,19,"positive_stock",22,4,0.04,427.5,-81.8,3.00,51.96,12.00,189.81
50,"Maven Toys Guanajuato 3","Guanajuato","Residential",4,"Chutes & Ladders","Games",9.99,12.99,16,"positive_stock",16,12,0.13,120.0,-25.0,3.00,155.88,36.00,159.84
1,"Maven Toys Guadalajara 1","Guadalajara","Residential",5,"Classic Dominoes","Games",7.99,9.99,0,"confirmed_zero_stock",33,25,0.28,0.0,-24.2,2.00,249.75,50.00,0.00
2,"Maven Toys Monterrey 1","Monterrey","Residential",5,"Classic Dominoes","Games",7.99,9.99,NULL,"inventory_record_missing",0,0,0.00,NULL,NULL,2.00,0.00,0.00,NULL
3,"Maven Toys Guadalajara 2","Guadalajara","Commercial",5,"Classic Dominoes","Games",7.99,9.99,NULL,"inventory_record_missing",0,0,0.00,NULL,NULL,2.00,0.00,0.00,NULL
4,"Maven Toys Saltillo 1","Saltillo","Downtown",5,"Classic Dominoes","Games",7.99,9.99,14,"positive_stock",35,35,0.39,36.0,0.0,2.00,349.65,70.00,111.86
5,"Maven Toys La Paz 1","La Paz","Downtown",5,"Classic Dominoes","Games",7.99,9.99,NULL,"inventory_record_missing",0,0,0.00,NULL,NULL,2.00,0.00,0.00,NULL
6,"Maven Toys Mexicali 1","Mexicali","Commercial",5,"Classic Dominoes","Games",7.99,9.99,8,"positive_stock",5,0,0.00,NULL,-100.0,2.00,0.00,0.00,63.92
7,"Maven Toys Monterrey 2","Monterrey","Downtown",5,"Classic Dominoes","Games",7.99,9.99,19,"positive_stock",33,28,0.31,61.1,-15.2,2.00,279.72,56.00,151.81
8,"Maven Toys Pachuca 1","Pachuca","Downtown",5,"Classic Dominoes","Games",7.99,9.99,10,"positive_stock",38,3,0.03,300.0,-92.1,2.00,29.97,6.00,79.90
9,"Maven Toys Ciudad de Mexico 1","Ciudad de Mexico","Downtown",5,"Classic Dominoes","Games",7.99,9.99,3,"positive_stock",74,51,0.57,5.3,-31.1,2.00,509.49,102.00,23.97
10,"Maven Toys Campeche 1","Campeche","Downtown",5,"Classic Dominoes","Games",7.99,9.99,4,"positive_stock",24,44,0.49,8.2,83.3,2.00,439.56,88.00,31.96
11,"Maven Toys Cuernavaca 1","Cuernavaca","Downtown",5,"Classic Dominoes","Games",7.99,9.99,NULL,"inventory_record_missing",0,0,0.00,NULL,NULL,2.00,0.00,0.00,NULL
12,"Maven Toys Chetumal 1","Chetumal","Downtown",5,"Classic Dominoes","Games",7.99,9.99,17,"positive_stock",27,46,0.51,33.3,70.4,2.00,459.54,92.00,135.83
13,"Maven Toys Mexicali 2","Mexicali","Downtown",5,"Classic Dominoes","Games",7.99,9.99,NULL,"inventory_record_missing",0,0,0.00,NULL,NULL,2.00,0.00,0.00,NULL
14,"Maven Toys Guanajuato 1","Guanajuato","Downtown",5,"Classic Dominoes","Games",7.99,9.99,NULL,"inventory_record_missing",0,0,0.00,NULL,NULL,2.00,0.00,0.00,NULL
15,"Maven Toys Tuxtla Gutierrez 1","Tuxtla Gutierrez","Downtown",5,"Classic Dominoes","Games",7.99,9.99,NULL,"inventory_record_missing",0,0,0.00,NULL,NULL,2.00,0.00,0.00,NULL
16,"Maven Toys San Luis Potosi 1","San Luis Potosi","Downtown",5,"Classic Dominoes","Games",7.99,9.99,14,"positive_stock",7,0,0.00,NULL,-100.0,2.00,0.00,0.00,111.86
17,"Maven Toys Toluca 1","Toluca","Downtown",5,"Classic Dominoes","Games",7.99,9.99,NULL,"inventory_record_missing",0,0,0.00,NULL,NULL,2.00,0.00,0.00,NULL
18,"Maven Toys Merida 1","Merida","Downtown",5,"Classic Dominoes","Games",7.99,9.99,7,"positive_stock",17,39,0.43,16.2,129.4,2.00,389.61,78.00,55.93
19,"Maven Toys Puebla 1","Puebla","Commercial",5,"Classic Dominoes","Games",7.99,9.99,17,"positive_stock",19,32,0.36,47.8,68.4,2.00,319.68,64.00,135.83
20,"Maven Toys Zacatecas 1","Zacatecas","Downtown",5,"Classic Dominoes","Games",7.99,9.99,NULL,"inventory_record_missing",0,0,0.00,NULL,NULL,2.00,0.00,0.00,NULL
21,"Maven Toys Santiago 1","Santiago","Downtown",5,"Classic Dominoes","Games",7.99,9.99,NULL,"inventory_record_missing",0,0,0.00,NULL,NULL,2.00,0.00,0.00,NULL
22,"Maven Toys Guanajuato 2","Guanajuato","Commercial",5,"Classic Dominoes","Games",7.99,9.99,14,"positive_stock",2,16,0.18,78.8,700.0,2.00,159.84,32.00,111.86
23,"Maven Toys Chihuahua 1","Chihuahua","Commercial",5,"Classic Dominoes","Games",7.99,9.99,4,"positive_stock",20,4,0.04,90.0,-80.0,2.00,39.96,8.00,31.96
24,"Maven Toys Aguascalientes 1","Aguascalientes","Downtown",5,"Classic Dominoes","Games",7.99,9.99,4,"positive_stock",16,5,0.06,72.0,-68.8,2.00,49.95,10.00,31.96
25,"Maven Toys Ciudad Victoria 1","Ciudad Victoria","Downtown",5,"Classic Dominoes","Games",7.99,9.99,NULL,"inventory_record_missing",0,0,0.00,NULL,NULL,2.00,0.00,0.00,NULL
26,"Maven Toys Campeche 2","Campeche","Commercial",5,"Classic Dominoes","Games",7.99,9.99,8,"positive_stock",6,6,0.07,120.0,0.0,2.00,59.94,12.00,63.92
27,"Maven Toys Oaxaca 1","Oaxaca","Downtown",5,"Classic Dominoes","Games",7.99,9.99,NULL,"inventory_record_missing",0,0,0.00,NULL,NULL,2.00,0.00,0.00,NULL
28,"Maven Toys Puebla 2","Puebla","Downtown",5,"Classic Dominoes","Games",7.99,9.99,NULL,"inventory_record_missing",0,0,0.00,NULL,NULL,2.00,0.00,0.00,NULL
29,"Maven Toys Xalapa 1","Xalapa","Commercial",5,"Classic Dominoes","Games",7.99,9.99,NULL,"inventory_record_missing",0,0,0.00,NULL,NULL,2.00,0.00,0.00,NULL
30,"Maven Toys Guadalajara 3","Guadalajara","Airport",5,"Classic Dominoes","Games",7.99,9.99,NULL,"inventory_record_missing",0,0,0.00,NULL,NULL,2.00,0.00,0.00,NULL
31,"Maven Toys Ciudad de Mexico 2","Ciudad de Mexico","Airport",5,"Classic Dominoes","Games",7.99,9.99,NULL,"inventory_record_missing",0,0,0.00,NULL,NULL,2.00,0.00,0.00,NULL
32,"Maven Toys Hermosillo 1","Hermosillo","Residential",5,"Classic Dominoes","Games",7.99,9.99,NULL,"inventory_record_missing",0,0,0.00,NULL,NULL,2.00,0.00,0.00,NULL
33,"Maven Toys Monterrey 3","Monterrey","Airport",5,"Classic Dominoes","Games",7.99,9.99,7,"positive_stock",21,7,0.08,90.0,-66.7,2.00,69.93,14.00,55.93
34,"Maven Toys Villahermosa 1","Villahermosa","Downtown",5,"Classic Dominoes","Games",7.99,9.99,7,"positive_stock",20,17,0.19,37.1,-15.0,2.00,169.83,34.00,55.93
35,"Maven Toys Chilpancingo 1","Chilpancingo","Downtown",5,"Classic Dominoes","Games",7.99,9.99,NULL,"inventory_record_missing",0,0,0.00,NULL,NULL,2.00,0.00,0.00,NULL
36,"Maven Toys Morelia 1","Morelia","Downtown",5,"Classic Dominoes","Games",7.99,9.99,3,"positive_stock",6,64,0.71,4.2,966.7,2.00,639.36,128.00,23.97
37,"Maven Toys Ciudad de Mexico 3","Ciudad de Mexico","Residential",5,"Classic Dominoes","Games",7.99,9.99,2,"positive_stock",0,0,0.00,NULL,NULL,2.00,0.00,0.00,15.98
38,"Maven Toys Chihuahua 2","Chihuahua","Downtown",5,"Classic Dominoes","Games",7.99,9.99,20,"positive_stock",38,47,0.52,38.3,23.7,2.00,469.53,94.00,159.80
39,"Maven Toys Xalapa 2","Xalapa","Downtown",5,"Classic Dominoes","Games",7.99,9.99,NULL,"inventory_record_missing",0,0,0.00,NULL,NULL,2.00,0.00,0.00,NULL
40,"Maven Toys Toluca 2","Toluca","Commercial",5,"Classic Dominoes","Games",7.99,9.99,NULL,"inventory_record_missing",0,0,0.00,NULL,NULL,2.00,0.00,0.00,NULL
41,"Maven Toys Hermosillo 2","Hermosillo","Downtown",5,"Classic Dominoes","Games",7.99,9.99,8,"positive_stock",10,46,0.51,15.7,360.0,2.00,459.54,92.00,63.92
42,"Maven Toys Hermosillo 3","Hermosillo","Commercial",5,"Classic Dominoes","Games",7.99,9.99,12,"positive_stock",30,7,0.08,154.3,-76.7,2.00,69.93,14.00,95.88
43,"Maven Toys Durango 1","Durango","Downtown",5,"Classic Dominoes","Games",7.99,9.99,NULL,"inventory_record_missing",0,0,0.00,NULL,NULL,2.00,0.00,0.00,NULL
44,"Maven Toys Puebla 3","Puebla","Residential",5,"Classic Dominoes","Games",7.99,9.99,14,"positive_stock",9,15,0.17,84.0,66.7,2.00,149.85,30.00,111.86
45,"Maven Toys Ciudad de Mexico 4","Ciudad de Mexico","Commercial",5,"Classic Dominoes","Games",7.99,9.99,NULL,"inventory_record_missing",0,0,0.00,NULL,NULL,2.00,0.00,0.00,NULL
46,"Maven Toys Guadalajara 4","Guadalajara","Downtown",5,"Classic Dominoes","Games",7.99,9.99,NULL,"inventory_record_missing",0,0,0.00,NULL,NULL,2.00,0.00,0.00,NULL
47,"Maven Toys Monterrey 4","Monterrey","Commercial",5,"Classic Dominoes","Games",7.99,9.99,NULL,"inventory_record_missing",0,0,0.00,NULL,NULL,2.00,0.00,0.00,NULL
48,"Maven Toys Saltillo 2","Saltillo","Commercial",5,"Classic Dominoes","Games",7.99,9.99,9,"positive_stock",45,80,0.89,10.1,77.8,2.00,799.20,160.00,71.91
49,"Maven Toys Culiacan 1","Culiacan","Downtown",5,"Classic Dominoes","Games",7.99,9.99,13,"positive_stock",9,0,0.00,NULL,-100.0,2.00,0.00,0.00,103.87
50,"Maven Toys Guanajuato 3","Guanajuato","Residential",5,"Classic Dominoes","Games",7.99,9.99,3,"positive_stock",22,5,0.06,54.0,-77.3,2.00,49.95,10.00,23.97
1,"Maven Toys Guadalajara 1","Guadalajara","Residential",6,"Colorbuds","Electronics",6.99,14.99,79,"positive_stock",91,358,3.98,19.9,293.4,8.00,5366.42,2864.00,552.21
2,"Maven Toys Monterrey 1","Monterrey","Residential",6,"Colorbuds","Electronics",6.99,14.99,6,"positive_stock",60,97,1.08,5.6,61.7,8.00,1454.03,776.00,41.94
3,"Maven Toys Guadalajara 2","Guadalajara","Commercial",6,"Colorbuds","Electronics",6.99,14.99,21,"positive_stock",109,175,1.94,10.8,60.6,8.00,2623.25,1400.00,146.79
4,"Maven Toys Saltillo 1","Saltillo","Downtown",6,"Colorbuds","Electronics",6.99,14.99,44,"positive_stock",299,372,4.13,10.6,24.4,8.00,5576.28,2976.00,307.56
5,"Maven Toys La Paz 1","La Paz","Downtown",6,"Colorbuds","Electronics",6.99,14.99,12,"positive_stock",91,131,1.46,8.2,44.0,8.00,1963.69,1048.00,83.88
6,"Maven Toys Mexicali 1","Mexicali","Commercial",6,"Colorbuds","Electronics",6.99,14.99,32,"positive_stock",342,222,2.47,13.0,-35.1,8.00,3327.78,1776.00,223.68
7,"Maven Toys Monterrey 2","Monterrey","Downtown",6,"Colorbuds","Electronics",6.99,14.99,10,"positive_stock",334,342,3.80,2.6,2.4,8.00,5126.58,2736.00,69.90
8,"Maven Toys Pachuca 1","Pachuca","Downtown",6,"Colorbuds","Electronics",6.99,14.99,12,"positive_stock",58,63,0.70,17.1,8.6,8.00,944.37,504.00,83.88
9,"Maven Toys Ciudad de Mexico 1","Ciudad de Mexico","Downtown",6,"Colorbuds","Electronics",6.99,14.99,55,"positive_stock",82,146,1.62,33.9,78.0,8.00,2188.54,1168.00,384.45
10,"Maven Toys Campeche 1","Campeche","Downtown",6,"Colorbuds","Electronics",6.99,14.99,24,"positive_stock",100,110,1.22,19.6,10.0,8.00,1648.90,880.00,167.76
11,"Maven Toys Cuernavaca 1","Cuernavaca","Downtown",6,"Colorbuds","Electronics",6.99,14.99,32,"positive_stock",46,45,0.50,64.0,-2.2,8.00,674.55,360.00,223.68
12,"Maven Toys Chetumal 1","Chetumal","Downtown",6,"Colorbuds","Electronics",6.99,14.99,23,"positive_stock",198,218,2.42,9.5,10.1,8.00,3267.82,1744.00,160.77
13,"Maven Toys Mexicali 2","Mexicali","Downtown",6,"Colorbuds","Electronics",6.99,14.99,14,"positive_stock",137,310,3.44,4.1,126.3,8.00,4646.90,2480.00,97.86
14,"Maven Toys Guanajuato 1","Guanajuato","Downtown",6,"Colorbuds","Electronics",6.99,14.99,18,"positive_stock",369,228,2.53,7.1,-38.2,8.00,3417.72,1824.00,125.82
15,"Maven Toys Tuxtla Gutierrez 1","Tuxtla Gutierrez","Downtown",6,"Colorbuds","Electronics",6.99,14.99,29,"positive_stock",157,65,0.72,40.2,-58.6,8.00,974.35,520.00,202.71
16,"Maven Toys San Luis Potosi 1","San Luis Potosi","Downtown",6,"Colorbuds","Electronics",6.99,14.99,27,"positive_stock",105,133,1.48,18.3,26.7,8.00,1993.67,1064.00,188.73
17,"Maven Toys Toluca 1","Toluca","Downtown",6,"Colorbuds","Electronics",6.99,14.99,16,"positive_stock",116,93,1.03,15.5,-19.8,8.00,1394.07,744.00,111.84
18,"Maven Toys Merida 1","Merida","Downtown",6,"Colorbuds","Electronics",6.99,14.99,22,"positive_stock",30,164,1.82,12.1,446.7,8.00,2458.36,1312.00,153.78
19,"Maven Toys Puebla 1","Puebla","Commercial",6,"Colorbuds","Electronics",6.99,14.99,11,"positive_stock",290,413,4.59,2.4,42.4,8.00,6190.87,3304.00,76.89
20,"Maven Toys Zacatecas 1","Zacatecas","Downtown",6,"Colorbuds","Electronics",6.99,14.99,4,"positive_stock",54,110,1.22,3.3,103.7,8.00,1648.90,880.00,27.96
21,"Maven Toys Santiago 1","Santiago","Downtown",6,"Colorbuds","Electronics",6.99,14.99,10,"positive_stock",129,37,0.41,24.3,-71.3,8.00,554.63,296.00,69.90
22,"Maven Toys Guanajuato 2","Guanajuato","Commercial",6,"Colorbuds","Electronics",6.99,14.99,8,"positive_stock",322,345,3.83,2.1,7.1,8.00,5171.55,2760.00,55.92
23,"Maven Toys Chihuahua 1","Chihuahua","Commercial",6,"Colorbuds","Electronics",6.99,14.99,17,"positive_stock",116,82,0.91,18.7,-29.3,8.00,1229.18,656.00,118.83
24,"Maven Toys Aguascalientes 1","Aguascalientes","Downtown",6,"Colorbuds","Electronics",6.99,14.99,46,"positive_stock",180,176,1.96,23.5,-2.2,8.00,2638.24,1408.00,321.54
25,"Maven Toys Ciudad Victoria 1","Ciudad Victoria","Downtown",6,"Colorbuds","Electronics",6.99,14.99,3,"positive_stock",250,220,2.44,1.2,-12.0,8.00,3297.80,1760.00,20.97
26,"Maven Toys Campeche 2","Campeche","Commercial",6,"Colorbuds","Electronics",6.99,14.99,23,"positive_stock",84,124,1.38,16.7,47.6,8.00,1858.76,992.00,160.77
27,"Maven Toys Oaxaca 1","Oaxaca","Downtown",6,"Colorbuds","Electronics",6.99,14.99,7,"positive_stock",98,146,1.62,4.3,49.0,8.00,2188.54,1168.00,48.93
28,"Maven Toys Puebla 2","Puebla","Downtown",6,"Colorbuds","Electronics",6.99,14.99,16,"positive_stock",96,44,0.49,32.7,-54.2,8.00,659.56,352.00,111.84
29,"Maven Toys Xalapa 1","Xalapa","Commercial",6,"Colorbuds","Electronics",6.99,14.99,17,"positive_stock",137,52,0.58,29.4,-62.0,8.00,779.48,416.00,118.83
30,"Maven Toys Guadalajara 3","Guadalajara","Airport",6,"Colorbuds","Electronics",6.99,14.99,18,"positive_stock",277,395,4.39,4.1,42.6,8.00,5921.05,3160.00,125.82
31,"Maven Toys Ciudad de Mexico 2","Ciudad de Mexico","Airport",6,"Colorbuds","Electronics",6.99,14.99,41,"positive_stock",450,245,2.72,15.1,-45.6,8.00,3672.55,1960.00,286.59
32,"Maven Toys Hermosillo 1","Hermosillo","Residential",6,"Colorbuds","Electronics",6.99,14.99,65,"positive_stock",206,370,4.11,15.8,79.6,8.00,5546.30,2960.00,454.35
33,"Maven Toys Monterrey 3","Monterrey","Airport",6,"Colorbuds","Electronics",6.99,14.99,8,"positive_stock",182,146,1.62,4.9,-19.8,8.00,2188.54,1168.00,55.92
34,"Maven Toys Villahermosa 1","Villahermosa","Downtown",6,"Colorbuds","Electronics",6.99,14.99,24,"positive_stock",79,77,0.86,28.1,-2.5,8.00,1154.23,616.00,167.76
35,"Maven Toys Chilpancingo 1","Chilpancingo","Downtown",6,"Colorbuds","Electronics",6.99,14.99,31,"positive_stock",179,231,2.57,12.1,29.1,8.00,3462.69,1848.00,216.69
36,"Maven Toys Morelia 1","Morelia","Downtown",6,"Colorbuds","Electronics",6.99,14.99,27,"positive_stock",240,122,1.36,19.9,-49.2,8.00,1828.78,976.00,188.73
37,"Maven Toys Ciudad de Mexico 3","Ciudad de Mexico","Residential",6,"Colorbuds","Electronics",6.99,14.99,17,"positive_stock",203,55,0.61,27.8,-72.9,8.00,824.45,440.00,118.83
38,"Maven Toys Chihuahua 2","Chihuahua","Downtown",6,"Colorbuds","Electronics",6.99,14.99,54,"positive_stock",64,107,1.19,45.4,67.2,8.00,1603.93,856.00,377.46
39,"Maven Toys Xalapa 2","Xalapa","Downtown",6,"Colorbuds","Electronics",6.99,14.99,11,"positive_stock",22,7,0.08,141.4,-68.2,8.00,104.93,56.00,76.89
40,"Maven Toys Toluca 2","Toluca","Commercial",6,"Colorbuds","Electronics",6.99,14.99,29,"positive_stock",37,62,0.69,42.1,67.6,8.00,929.38,496.00,202.71
41,"Maven Toys Hermosillo 2","Hermosillo","Downtown",6,"Colorbuds","Electronics",6.99,14.99,7,"positive_stock",64,84,0.93,7.5,31.3,8.00,1259.16,672.00,48.93
42,"Maven Toys Hermosillo 3","Hermosillo","Commercial",6,"Colorbuds","Electronics",6.99,14.99,29,"positive_stock",606,373,4.14,7.0,-38.4,8.00,5591.27,2984.00,202.71
43,"Maven Toys Durango 1","Durango","Downtown",6,"Colorbuds","Electronics",6.99,14.99,18,"positive_stock",327,218,2.42,7.4,-33.3,8.00,3267.82,1744.00,125.82
44,"Maven Toys Puebla 3","Puebla","Residential",6,"Colorbuds","Electronics",6.99,14.99,2,"positive_stock",391,314,3.49,0.6,-19.7,8.00,4706.86,2512.00,13.98
45,"Maven Toys Ciudad de Mexico 4","Ciudad de Mexico","Commercial",6,"Colorbuds","Electronics",6.99,14.99,8,"positive_stock",404,222,2.47,3.2,-45.0,8.00,3327.78,1776.00,55.92
46,"Maven Toys Guadalajara 4","Guadalajara","Downtown",6,"Colorbuds","Electronics",6.99,14.99,65,"positive_stock",492,438,4.87,13.4,-11.0,8.00,6565.62,3504.00,454.35
47,"Maven Toys Monterrey 4","Monterrey","Commercial",6,"Colorbuds","Electronics",6.99,14.99,11,"positive_stock",123,105,1.17,9.4,-14.6,8.00,1573.95,840.00,76.89
48,"Maven Toys Saltillo 2","Saltillo","Commercial",6,"Colorbuds","Electronics",6.99,14.99,6,"positive_stock",208,248,2.76,2.2,19.2,8.00,3717.52,1984.00,41.94
49,"Maven Toys Culiacan 1","Culiacan","Downtown",6,"Colorbuds","Electronics",6.99,14.99,23,"positive_stock",59,128,1.42,16.2,116.9,8.00,1918.72,1024.00,160.77
50,"Maven Toys Guanajuato 3","Guanajuato","Residential",6,"Colorbuds","Electronics",6.99,14.99,27,"positive_stock",21,88,0.98,27.6,319.0,8.00,1319.12,704.00,188.73
1,"Maven Toys Guadalajara 1","Guadalajara","Residential",7,"Dart Gun","Sports & Outdoors",11.99,15.99,5,"positive_stock",52,49,0.54,9.2,-5.8,4.00,783.51,196.00,59.95
2,"Maven Toys Monterrey 1","Monterrey","Residential",7,"Dart Gun","Sports & Outdoors",11.99,15.99,14,"positive_stock",41,49,0.54,25.7,19.5,4.00,783.51,196.00,167.86
3,"Maven Toys Guadalajara 2","Guadalajara","Commercial",7,"Dart Gun","Sports & Outdoors",11.99,15.99,8,"positive_stock",65,53,0.59,13.6,-18.5,4.00,847.47,212.00,95.92
4,"Maven Toys Saltillo 1","Saltillo","Downtown",7,"Dart Gun","Sports & Outdoors",11.99,15.99,9,"positive_stock",100,73,0.81,11.1,-27.0,4.00,1167.27,292.00,107.91
5,"Maven Toys La Paz 1","La Paz","Downtown",7,"Dart Gun","Sports & Outdoors",11.99,15.99,30,"positive_stock",32,71,0.79,38.0,121.9,4.00,1135.29,284.00,359.70
6,"Maven Toys Mexicali 1","Mexicali","Commercial",7,"Dart Gun","Sports & Outdoors",11.99,15.99,18,"positive_stock",8,0,0.00,NULL,-100.0,4.00,0.00,0.00,215.82
7,"Maven Toys Monterrey 2","Monterrey","Downtown",7,"Dart Gun","Sports & Outdoors",11.99,15.99,1,"positive_stock",86,153,1.70,0.6,77.9,4.00,2446.47,612.00,11.99
8,"Maven Toys Pachuca 1","Pachuca","Downtown",7,"Dart Gun","Sports & Outdoors",11.99,15.99,8,"positive_stock",12,90,1.00,8.0,650.0,4.00,1439.10,360.00,95.92
9,"Maven Toys Ciudad de Mexico 1","Ciudad de Mexico","Downtown",7,"Dart Gun","Sports & Outdoors",11.99,15.99,22,"positive_stock",192,82,0.91,24.1,-57.3,4.00,1311.18,328.00,263.78
10,"Maven Toys Campeche 1","Campeche","Downtown",7,"Dart Gun","Sports & Outdoors",11.99,15.99,13,"positive_stock",53,47,0.52,24.9,-11.3,4.00,751.53,188.00,155.87
11,"Maven Toys Cuernavaca 1","Cuernavaca","Downtown",7,"Dart Gun","Sports & Outdoors",11.99,15.99,19,"positive_stock",69,75,0.83,22.8,8.7,4.00,1199.25,300.00,227.81
12,"Maven Toys Chetumal 1","Chetumal","Downtown",7,"Dart Gun","Sports & Outdoors",11.99,15.99,11,"positive_stock",54,68,0.76,14.6,25.9,4.00,1087.32,272.00,131.89
13,"Maven Toys Mexicali 2","Mexicali","Downtown",7,"Dart Gun","Sports & Outdoors",11.99,15.99,16,"positive_stock",15,33,0.37,43.6,120.0,4.00,527.67,132.00,191.84
14,"Maven Toys Guanajuato 1","Guanajuato","Downtown",7,"Dart Gun","Sports & Outdoors",11.99,15.99,13,"positive_stock",113,52,0.58,22.5,-54.0,4.00,831.48,208.00,155.87
15,"Maven Toys Tuxtla Gutierrez 1","Tuxtla Gutierrez","Downtown",7,"Dart Gun","Sports & Outdoors",11.99,15.99,10,"positive_stock",0,78,0.87,11.5,NULL,4.00,1247.22,312.00,119.90
16,"Maven Toys San Luis Potosi 1","San Luis Potosi","Downtown",7,"Dart Gun","Sports & Outdoors",11.99,15.99,19,"positive_stock",43,97,1.08,17.6,125.6,4.00,1551.03,388.00,227.81
17,"Maven Toys Toluca 1","Toluca","Downtown",7,"Dart Gun","Sports & Outdoors",11.99,15.99,20,"positive_stock",98,85,0.94,21.2,-13.3,4.00,1359.15,340.00,239.80
18,"Maven Toys Merida 1","Merida","Downtown",7,"Dart Gun","Sports & Outdoors",11.99,15.99,16,"positive_stock",100,44,0.49,32.7,-56.0,4.00,703.56,176.00,191.84
19,"Maven Toys Puebla 1","Puebla","Commercial",7,"Dart Gun","Sports & Outdoors",11.99,15.99,16,"positive_stock",79,123,1.37,11.7,55.7,4.00,1966.77,492.00,191.84
20,"Maven Toys Zacatecas 1","Zacatecas","Downtown",7,"Dart Gun","Sports & Outdoors",11.99,15.99,9,"positive_stock",65,80,0.89,10.1,23.1,4.00,1279.20,320.00,107.91
21,"Maven Toys Santiago 1","Santiago","Downtown",7,"Dart Gun","Sports & Outdoors",11.99,15.99,8,"positive_stock",28,37,0.41,19.5,32.1,4.00,591.63,148.00,95.92
22,"Maven Toys Guanajuato 2","Guanajuato","Commercial",7,"Dart Gun","Sports & Outdoors",11.99,15.99,30,"positive_stock",73,29,0.32,93.1,-60.3,4.00,463.71,116.00,359.70
23,"Maven Toys Chihuahua 1","Chihuahua","Commercial",7,"Dart Gun","Sports & Outdoors",11.99,15.99,11,"positive_stock",38,53,0.59,18.7,39.5,4.00,847.47,212.00,131.89
24,"Maven Toys Aguascalientes 1","Aguascalientes","Downtown",7,"Dart Gun","Sports & Outdoors",11.99,15.99,15,"positive_stock",48,31,0.34,43.5,-35.4,4.00,495.69,124.00,179.85
25,"Maven Toys Ciudad Victoria 1","Ciudad Victoria","Downtown",7,"Dart Gun","Sports & Outdoors",11.99,15.99,7,"positive_stock",69,51,0.57,12.4,-26.1,4.00,815.49,204.00,83.93
26,"Maven Toys Campeche 2","Campeche","Commercial",7,"Dart Gun","Sports & Outdoors",11.99,15.99,16,"positive_stock",44,30,0.33,48.0,-31.8,4.00,479.70,120.00,191.84
27,"Maven Toys Oaxaca 1","Oaxaca","Downtown",7,"Dart Gun","Sports & Outdoors",11.99,15.99,22,"positive_stock",29,12,0.13,165.0,-58.6,4.00,191.88,48.00,263.78
28,"Maven Toys Puebla 2","Puebla","Downtown",7,"Dart Gun","Sports & Outdoors",11.99,15.99,10,"positive_stock",38,23,0.26,39.1,-39.5,4.00,367.77,92.00,119.90
29,"Maven Toys Xalapa 1","Xalapa","Commercial",7,"Dart Gun","Sports & Outdoors",11.99,15.99,10,"positive_stock",122,46,0.51,19.6,-62.3,4.00,735.54,184.00,119.90
30,"Maven Toys Guadalajara 3","Guadalajara","Airport",7,"Dart Gun","Sports & Outdoors",11.99,15.99,13,"positive_stock",184,94,1.04,12.4,-48.9,4.00,1503.06,376.00,155.87
31,"Maven Toys Ciudad de Mexico 2","Ciudad de Mexico","Airport",7,"Dart Gun","Sports & Outdoors",11.99,15.99,18,"positive_stock",76,127,1.41,12.8,67.1,4.00,2030.73,508.00,215.82
32,"Maven Toys Hermosillo 1","Hermosillo","Residential",7,"Dart Gun","Sports & Outdoors",11.99,15.99,18,"positive_stock",60,121,1.34,13.4,101.7,4.00,1934.79,484.00,215.82
33,"Maven Toys Monterrey 3","Monterrey","Airport",7,"Dart Gun","Sports & Outdoors",11.99,15.99,4,"positive_stock",52,14,0.16,25.7,-73.1,4.00,223.86,56.00,47.96
34,"Maven Toys Villahermosa 1","Villahermosa","Downtown",7,"Dart Gun","Sports & Outdoors",11.99,15.99,5,"positive_stock",77,53,0.59,8.5,-31.2,4.00,847.47,212.00,59.95
35,"Maven Toys Chilpancingo 1","Chilpancingo","Downtown",7,"Dart Gun","Sports & Outdoors",11.99,15.99,10,"positive_stock",25,66,0.73,13.6,164.0,4.00,1055.34,264.00,119.90
36,"Maven Toys Morelia 1","Morelia","Downtown",7,"Dart Gun","Sports & Outdoors",11.99,15.99,15,"positive_stock",54,7,0.08,192.9,-87.0,4.00,111.93,28.00,179.85
37,"Maven Toys Ciudad de Mexico 3","Ciudad de Mexico","Residential",7,"Dart Gun","Sports & Outdoors",11.99,15.99,16,"positive_stock",74,59,0.66,24.4,-20.3,4.00,943.41,236.00,191.84
38,"Maven Toys Chihuahua 2","Chihuahua","Downtown",7,"Dart Gun","Sports & Outdoors",11.99,15.99,84,"positive_stock",75,201,2.23,37.6,168.0,4.00,3213.99,804.00,1007.16
39,"Maven Toys Xalapa 2","Xalapa","Downtown",7,"Dart Gun","Sports & Outdoors",11.99,15.99,21,"positive_stock",62,106,1.18,17.8,71.0,4.00,1694.94,424.00,251.79
40,"Maven Toys Toluca 2","Toluca","Commercial",7,"Dart Gun","Sports & Outdoors",11.99,15.99,4,"positive_stock",43,52,0.58,6.9,20.9,4.00,831.48,208.00,47.96
41,"Maven Toys Hermosillo 2","Hermosillo","Downtown",7,"Dart Gun","Sports & Outdoors",11.99,15.99,14,"positive_stock",95,178,1.98,7.1,87.4,4.00,2846.22,712.00,167.86
42,"Maven Toys Hermosillo 3","Hermosillo","Commercial",7,"Dart Gun","Sports & Outdoors",11.99,15.99,7,"positive_stock",96,66,0.73,9.5,-31.3,4.00,1055.34,264.00,83.93
43,"Maven Toys Durango 1","Durango","Downtown",7,"Dart Gun","Sports & Outdoors",11.99,15.99,25,"positive_stock",65,83,0.92,27.1,27.7,4.00,1327.17,332.00,299.75
44,"Maven Toys Puebla 3","Puebla","Residential",7,"Dart Gun","Sports & Outdoors",11.99,15.99,17,"positive_stock",46,94,1.04,16.3,104.3,4.00,1503.06,376.00,203.83
45,"Maven Toys Ciudad de Mexico 4","Ciudad de Mexico","Commercial",7,"Dart Gun","Sports & Outdoors",11.99,15.99,15,"positive_stock",92,77,0.86,17.5,-16.3,4.00,1231.23,308.00,179.85
46,"Maven Toys Guadalajara 4","Guadalajara","Downtown",7,"Dart Gun","Sports & Outdoors",11.99,15.99,15,"positive_stock",8,36,0.40,37.5,350.0,4.00,575.64,144.00,179.85
47,"Maven Toys Monterrey 4","Monterrey","Commercial",7,"Dart Gun","Sports & Outdoors",11.99,15.99,4,"positive_stock",24,62,0.69,5.8,158.3,4.00,991.38,248.00,47.96
48,"Maven Toys Saltillo 2","Saltillo","Commercial",7,"Dart Gun","Sports & Outdoors",11.99,15.99,28,"positive_stock",87,57,0.63,44.2,-34.5,4.00,911.43,228.00,335.72
49,"Maven Toys Culiacan 1","Culiacan","Downtown",7,"Dart Gun","Sports & Outdoors",11.99,15.99,24,"positive_stock",104,95,1.06,22.7,-8.7,4.00,1519.05,380.00,287.76
50,"Maven Toys Guanajuato 3","Guanajuato","Residential",7,"Dart Gun","Sports & Outdoors",11.99,15.99,13,"positive_stock",66,70,0.78,16.7,6.1,4.00,1119.30,280.00,155.87
1,"Maven Toys Guadalajara 1","Guadalajara","Residential",8,"Deck Of Cards","Games",3.99,6.99,63,"positive_stock",261,288,3.20,19.7,10.3,3.00,2013.12,864.00,251.37
2,"Maven Toys Monterrey 1","Monterrey","Residential",8,"Deck Of Cards","Games",3.99,6.99,76,"positive_stock",157,251,2.79,27.3,59.9,3.00,1754.49,753.00,303.24
3,"Maven Toys Guadalajara 2","Guadalajara","Commercial",8,"Deck Of Cards","Games",3.99,6.99,44,"positive_stock",224,249,2.77,15.9,11.2,3.00,1740.51,747.00,175.56
4,"Maven Toys Saltillo 1","Saltillo","Downtown",8,"Deck Of Cards","Games",3.99,6.99,15,"positive_stock",151,282,3.13,4.8,86.8,3.00,1971.18,846.00,59.85
5,"Maven Toys La Paz 1","La Paz","Downtown",8,"Deck Of Cards","Games",3.99,6.99,27,"positive_stock",345,172,1.91,14.1,-50.1,3.00,1202.28,516.00,107.73
6,"Maven Toys Mexicali 1","Mexicali","Commercial",8,"Deck Of Cards","Games",3.99,6.99,50,"positive_stock",493,331,3.68,13.6,-32.9,3.00,2313.69,993.00,199.50
7,"Maven Toys Monterrey 2","Monterrey","Downtown",8,"Deck Of Cards","Games",3.99,6.99,46,"positive_stock",221,296,3.29,14.0,33.9,3.00,2069.04,888.00,183.54
8,"Maven Toys Pachuca 1","Pachuca","Downtown",8,"Deck Of Cards","Games",3.99,6.99,42,"positive_stock",128,104,1.16,36.3,-18.8,3.00,726.96,312.00,167.58
9,"Maven Toys Ciudad de Mexico 1","Ciudad de Mexico","Downtown",8,"Deck Of Cards","Games",3.99,6.99,29,"positive_stock",346,229,2.54,11.4,-33.8,3.00,1600.71,687.00,115.71
10,"Maven Toys Campeche 1","Campeche","Downtown",8,"Deck Of Cards","Games",3.99,6.99,73,"positive_stock",317,314,3.49,20.9,-0.9,3.00,2194.86,942.00,291.27
11,"Maven Toys Cuernavaca 1","Cuernavaca","Downtown",8,"Deck Of Cards","Games",3.99,6.99,64,"positive_stock",121,102,1.13,56.5,-15.7,3.00,712.98,306.00,255.36
12,"Maven Toys Chetumal 1","Chetumal","Downtown",8,"Deck Of Cards","Games",3.99,6.99,61,"positive_stock",121,117,1.30,46.9,-3.3,3.00,817.83,351.00,243.39
13,"Maven Toys Mexicali 2","Mexicali","Downtown",8,"Deck Of Cards","Games",3.99,6.99,66,"positive_stock",348,228,2.53,26.1,-34.5,3.00,1593.72,684.00,263.34
14,"Maven Toys Guanajuato 1","Guanajuato","Downtown",8,"Deck Of Cards","Games",3.99,6.99,57,"positive_stock",419,228,2.53,22.5,-45.6,3.00,1593.72,684.00,227.43
15,"Maven Toys Tuxtla Gutierrez 1","Tuxtla Gutierrez","Downtown",8,"Deck Of Cards","Games",3.99,6.99,40,"positive_stock",253,211,2.34,17.1,-16.6,3.00,1474.89,633.00,159.60
16,"Maven Toys San Luis Potosi 1","San Luis Potosi","Downtown",8,"Deck Of Cards","Games",3.99,6.99,18,"positive_stock",213,224,2.49,7.2,5.2,3.00,1565.76,672.00,71.82
17,"Maven Toys Toluca 1","Toluca","Downtown",8,"Deck Of Cards","Games",3.99,6.99,20,"positive_stock",158,318,3.53,5.7,101.3,3.00,2222.82,954.00,79.80
18,"Maven Toys Merida 1","Merida","Downtown",8,"Deck Of Cards","Games",3.99,6.99,52,"positive_stock",198,151,1.68,31.0,-23.7,3.00,1055.49,453.00,207.48
19,"Maven Toys Puebla 1","Puebla","Commercial",8,"Deck Of Cards","Games",3.99,6.99,84,"positive_stock",426,456,5.07,16.6,7.0,3.00,3187.44,1368.00,335.16
20,"Maven Toys Zacatecas 1","Zacatecas","Downtown",8,"Deck Of Cards","Games",3.99,6.99,26,"positive_stock",3,18,0.20,130.0,500.0,3.00,125.82,54.00,103.74
21,"Maven Toys Santiago 1","Santiago","Downtown",8,"Deck Of Cards","Games",3.99,6.99,11,"positive_stock",257,198,2.20,5.0,-23.0,3.00,1384.02,594.00,43.89
22,"Maven Toys Guanajuato 2","Guanajuato","Commercial",8,"Deck Of Cards","Games",3.99,6.99,71,"positive_stock",247,201,2.23,31.8,-18.6,3.00,1404.99,603.00,283.29
23,"Maven Toys Chihuahua 1","Chihuahua","Commercial",8,"Deck Of Cards","Games",3.99,6.99,32,"positive_stock",127,171,1.90,16.8,34.6,3.00,1195.29,513.00,127.68
24,"Maven Toys Aguascalientes 1","Aguascalientes","Downtown",8,"Deck Of Cards","Games",3.99,6.99,53,"positive_stock",242,229,2.54,20.8,-5.4,3.00,1600.71,687.00,211.47
25,"Maven Toys Ciudad Victoria 1","Ciudad Victoria","Downtown",8,"Deck Of Cards","Games",3.99,6.99,66,"positive_stock",185,136,1.51,43.7,-26.5,3.00,950.64,408.00,263.34
26,"Maven Toys Campeche 2","Campeche","Commercial",8,"Deck Of Cards","Games",3.99,6.99,22,"positive_stock",178,157,1.74,12.6,-11.8,3.00,1097.43,471.00,87.78
27,"Maven Toys Oaxaca 1","Oaxaca","Downtown",8,"Deck Of Cards","Games",3.99,6.99,12,"positive_stock",161,188,2.09,5.7,16.8,3.00,1314.12,564.00,47.88
28,"Maven Toys Puebla 2","Puebla","Downtown",8,"Deck Of Cards","Games",3.99,6.99,45,"positive_stock",179,77,0.86,52.6,-57.0,3.00,538.23,231.00,179.55
29,"Maven Toys Xalapa 1","Xalapa","Commercial",8,"Deck Of Cards","Games",3.99,6.99,10,"positive_stock",136,193,2.14,4.7,41.9,3.00,1349.07,579.00,39.90
30,"Maven Toys Guadalajara 3","Guadalajara","Airport",8,"Deck Of Cards","Games",3.99,6.99,110,"positive_stock",84,279,3.10,35.5,232.1,3.00,1950.21,837.00,438.90
31,"Maven Toys Ciudad de Mexico 2","Ciudad de Mexico","Airport",8,"Deck Of Cards","Games",3.99,6.99,84,"positive_stock",658,545,6.06,13.9,-17.2,3.00,3809.55,1635.00,335.16
32,"Maven Toys Hermosillo 1","Hermosillo","Residential",8,"Deck Of Cards","Games",3.99,6.99,56,"positive_stock",197,130,1.44,38.8,-34.0,3.00,908.70,390.00,223.44
33,"Maven Toys Monterrey 3","Monterrey","Airport",8,"Deck Of Cards","Games",3.99,6.99,66,"positive_stock",353,369,4.10,16.1,4.5,3.00,2579.31,1107.00,263.34
34,"Maven Toys Villahermosa 1","Villahermosa","Downtown",8,"Deck Of Cards","Games",3.99,6.99,68,"positive_stock",168,112,1.24,54.6,-33.3,3.00,782.88,336.00,271.32
35,"Maven Toys Chilpancingo 1","Chilpancingo","Downtown",8,"Deck Of Cards","Games",3.99,6.99,77,"positive_stock",266,247,2.74,28.1,-7.1,3.00,1726.53,741.00,307.23
36,"Maven Toys Morelia 1","Morelia","Downtown",8,"Deck Of Cards","Games",3.99,6.99,58,"positive_stock",376,286,3.18,18.3,-23.9,3.00,1999.14,858.00,231.42
37,"Maven Toys Ciudad de Mexico 3","Ciudad de Mexico","Residential",8,"Deck Of Cards","Games",3.99,6.99,129,"positive_stock",408,82,0.91,141.6,-79.9,3.00,573.18,246.00,514.71
38,"Maven Toys Chihuahua 2","Chihuahua","Downtown",8,"Deck Of Cards","Games",3.99,6.99,94,"positive_stock",185,267,2.97,31.7,44.3,3.00,1866.33,801.00,375.06
39,"Maven Toys Xalapa 2","Xalapa","Downtown",8,"Deck Of Cards","Games",3.99,6.99,90,"positive_stock",272,185,2.06,43.8,-32.0,3.00,1293.15,555.00,359.10
40,"Maven Toys Toluca 2","Toluca","Commercial",8,"Deck Of Cards","Games",3.99,6.99,61,"positive_stock",180,111,1.23,49.5,-38.3,3.00,775.89,333.00,243.39
41,"Maven Toys Hermosillo 2","Hermosillo","Downtown",8,"Deck Of Cards","Games",3.99,6.99,32,"positive_stock",280,232,2.58,12.4,-17.1,3.00,1621.68,696.00,127.68
42,"Maven Toys Hermosillo 3","Hermosillo","Commercial",8,"Deck Of Cards","Games",3.99,6.99,54,"positive_stock",308,389,4.32,12.5,26.3,3.00,2719.11,1167.00,215.46
43,"Maven Toys Durango 1","Durango","Downtown",8,"Deck Of Cards","Games",3.99,6.99,71,"positive_stock",301,294,3.27,21.7,-2.3,3.00,2055.06,882.00,283.29
44,"Maven Toys Puebla 3","Puebla","Residential",8,"Deck Of Cards","Games",3.99,6.99,33,"positive_stock",193,153,1.70,19.4,-20.7,3.00,1069.47,459.00,131.67
45,"Maven Toys Ciudad de Mexico 4","Ciudad de Mexico","Commercial",8,"Deck Of Cards","Games",3.99,6.99,8,"positive_stock",127,150,1.67,4.8,18.1,3.00,1048.50,450.00,31.92
46,"Maven Toys Guadalajara 4","Guadalajara","Downtown",8,"Deck Of Cards","Games",3.99,6.99,74,"positive_stock",67,139,1.54,47.9,107.5,3.00,971.61,417.00,295.26
47,"Maven Toys Monterrey 4","Monterrey","Commercial",8,"Deck Of Cards","Games",3.99,6.99,70,"positive_stock",138,120,1.33,52.5,-13.0,3.00,838.80,360.00,279.30
48,"Maven Toys Saltillo 2","Saltillo","Commercial",8,"Deck Of Cards","Games",3.99,6.99,100,"positive_stock",121,180,2.00,50.0,48.8,3.00,1258.20,540.00,399.00
49,"Maven Toys Culiacan 1","Culiacan","Downtown",8,"Deck Of Cards","Games",3.99,6.99,77,"positive_stock",30,164,1.82,42.3,446.7,3.00,1146.36,492.00,307.23
50,"Maven Toys Guanajuato 3","Guanajuato","Residential",8,"Deck Of Cards","Games",3.99,6.99,51,"positive_stock",149,110,1.22,41.7,-26.2,3.00,768.90,330.00,203.49
1,"Maven Toys Guadalajara 1","Guadalajara","Residential",9,"Dino Egg","Toys",9.99,10.99,12,"positive_stock",182,148,1.64,7.3,-18.7,1.00,1626.52,148.00,119.88
2,"Maven Toys Monterrey 1","Monterrey","Residential",9,"Dino Egg","Toys",9.99,10.99,0,"confirmed_zero_stock",369,131,1.46,0.0,-64.5,1.00,1439.69,131.00,0.00
3,"Maven Toys Guadalajara 2","Guadalajara","Commercial",9,"Dino Egg","Toys",9.99,10.99,4,"positive_stock",187,226,2.51,1.6,20.9,1.00,2483.74,226.00,39.96
4,"Maven Toys Saltillo 1","Saltillo","Downtown",9,"Dino Egg","Toys",9.99,10.99,27,"positive_stock",224,188,2.09,12.9,-16.1,1.00,2066.12,188.00,269.73
5,"Maven Toys La Paz 1","La Paz","Downtown",9,"Dino Egg","Toys",9.99,10.99,31,"positive_stock",190,107,1.19,26.1,-43.7,1.00,1175.93,107.00,309.69
6,"Maven Toys Mexicali 1","Mexicali","Commercial",9,"Dino Egg","Toys",9.99,10.99,3,"positive_stock",145,89,0.99,3.0,-38.6,1.00,978.11,89.00,29.97
7,"Maven Toys Monterrey 2","Monterrey","Downtown",9,"Dino Egg","Toys",9.99,10.99,0,"confirmed_zero_stock",193,185,2.06,0.0,-4.1,1.00,2033.15,185.00,0.00
8,"Maven Toys Pachuca 1","Pachuca","Downtown",9,"Dino Egg","Toys",9.99,10.99,0,"confirmed_zero_stock",295,278,3.09,0.0,-5.8,1.00,3055.22,278.00,0.00
9,"Maven Toys Ciudad de Mexico 1","Ciudad de Mexico","Downtown",9,"Dino Egg","Toys",9.99,10.99,50,"positive_stock",447,288,3.20,15.6,-35.6,1.00,3165.12,288.00,499.50
10,"Maven Toys Campeche 1","Campeche","Downtown",9,"Dino Egg","Toys",9.99,10.99,10,"positive_stock",145,240,2.67,3.8,65.5,1.00,2637.60,240.00,99.90
11,"Maven Toys Cuernavaca 1","Cuernavaca","Downtown",9,"Dino Egg","Toys",9.99,10.99,13,"positive_stock",258,240,2.67,4.9,-7.0,1.00,2637.60,240.00,129.87
12,"Maven Toys Chetumal 1","Chetumal","Downtown",9,"Dino Egg","Toys",9.99,10.99,14,"positive_stock",167,172,1.91,7.3,3.0,1.00,1890.28,172.00,139.86
13,"Maven Toys Mexicali 2","Mexicali","Downtown",9,"Dino Egg","Toys",9.99,10.99,0,"confirmed_zero_stock",199,182,2.02,0.0,-8.5,1.00,2000.18,182.00,0.00
14,"Maven Toys Guanajuato 1","Guanajuato","Downtown",9,"Dino Egg","Toys",9.99,10.99,10,"positive_stock",189,239,2.66,3.8,26.5,1.00,2626.61,239.00,99.90
15,"Maven Toys Tuxtla Gutierrez 1","Tuxtla Gutierrez","Downtown",9,"Dino Egg","Toys",9.99,10.99,26,"positive_stock",217,218,2.42,10.7,0.5,1.00,2395.82,218.00,259.74
16,"Maven Toys San Luis Potosi 1","San Luis Potosi","Downtown",9,"Dino Egg","Toys",9.99,10.99,8,"positive_stock",224,215,2.39,3.3,-4.0,1.00,2362.85,215.00,79.92
17,"Maven Toys Toluca 1","Toluca","Downtown",9,"Dino Egg","Toys",9.99,10.99,7,"positive_stock",536,191,2.12,3.3,-64.4,1.00,2099.09,191.00,69.93
18,"Maven Toys Merida 1","Merida","Downtown",9,"Dino Egg","Toys",9.99,10.99,50,"positive_stock",150,88,0.98,51.1,-41.3,1.00,967.12,88.00,499.50
19,"Maven Toys Puebla 1","Puebla","Commercial",9,"Dino Egg","Toys",9.99,10.99,8,"positive_stock",188,121,1.34,6.0,-35.6,1.00,1329.79,121.00,79.92
20,"Maven Toys Zacatecas 1","Zacatecas","Downtown",9,"Dino Egg","Toys",9.99,10.99,9,"positive_stock",154,205,2.28,4.0,33.1,1.00,2252.95,205.00,89.91
21,"Maven Toys Santiago 1","Santiago","Downtown",9,"Dino Egg","Toys",9.99,10.99,26,"positive_stock",168,148,1.64,15.8,-11.9,1.00,1626.52,148.00,259.74
22,"Maven Toys Guanajuato 2","Guanajuato","Commercial",9,"Dino Egg","Toys",9.99,10.99,14,"positive_stock",205,146,1.62,8.6,-28.8,1.00,1604.54,146.00,139.86
23,"Maven Toys Chihuahua 1","Chihuahua","Commercial",9,"Dino Egg","Toys",9.99,10.99,9,"positive_stock",199,112,1.24,7.2,-43.7,1.00,1230.88,112.00,89.91
24,"Maven Toys Aguascalientes 1","Aguascalientes","Downtown",9,"Dino Egg","Toys",9.99,10.99,19,"positive_stock",108,202,2.24,8.5,87.0,1.00,2219.98,202.00,189.81
25,"Maven Toys Ciudad Victoria 1","Ciudad Victoria","Downtown",9,"Dino Egg","Toys",9.99,10.99,9,"positive_stock",239,286,3.18,2.8,19.7,1.00,3143.14,286.00,89.91
26,"Maven Toys Campeche 2","Campeche","Commercial",9,"Dino Egg","Toys",9.99,10.99,15,"positive_stock",118,97,1.08,13.9,-17.8,1.00,1066.03,97.00,149.85
27,"Maven Toys Oaxaca 1","Oaxaca","Downtown",9,"Dino Egg","Toys",9.99,10.99,6,"positive_stock",353,304,3.38,1.8,-13.9,1.00,3340.96,304.00,59.94
28,"Maven Toys Puebla 2","Puebla","Downtown",9,"Dino Egg","Toys",9.99,10.99,7,"positive_stock",250,158,1.76,4.0,-36.8,1.00,1736.42,158.00,69.93
29,"Maven Toys Xalapa 1","Xalapa","Commercial",9,"Dino Egg","Toys",9.99,10.99,6,"positive_stock",143,200,2.22,2.7,39.9,1.00,2198.00,200.00,59.94
30,"Maven Toys Guadalajara 3","Guadalajara","Airport",9,"Dino Egg","Toys",9.99,10.99,59,"positive_stock",351,514,5.71,10.3,46.4,1.00,5648.86,514.00,589.41
31,"Maven Toys Ciudad de Mexico 2","Ciudad de Mexico","Airport",9,"Dino Egg","Toys",9.99,10.99,10,"positive_stock",304,203,2.26,4.4,-33.2,1.00,2230.97,203.00,99.90
32,"Maven Toys Hermosillo 1","Hermosillo","Residential",9,"Dino Egg","Toys",9.99,10.99,3,"positive_stock",344,99,1.10,2.7,-71.2,1.00,1088.01,99.00,29.97
33,"Maven Toys Monterrey 3","Monterrey","Airport",9,"Dino Egg","Toys",9.99,10.99,3,"positive_stock",140,200,2.22,1.4,42.9,1.00,2198.00,200.00,29.97
34,"Maven Toys Villahermosa 1","Villahermosa","Downtown",9,"Dino Egg","Toys",9.99,10.99,0,"confirmed_zero_stock",394,258,2.87,0.0,-34.5,1.00,2835.42,258.00,0.00
35,"Maven Toys Chilpancingo 1","Chilpancingo","Downtown",9,"Dino Egg","Toys",9.99,10.99,4,"positive_stock",242,113,1.26,3.2,-53.3,1.00,1241.87,113.00,39.96
36,"Maven Toys Morelia 1","Morelia","Downtown",9,"Dino Egg","Toys",9.99,10.99,19,"positive_stock",86,40,0.44,42.8,-53.5,1.00,439.60,40.00,189.81
37,"Maven Toys Ciudad de Mexico 3","Ciudad de Mexico","Residential",9,"Dino Egg","Toys",9.99,10.99,10,"positive_stock",328,271,3.01,3.3,-17.4,1.00,2978.29,271.00,99.90
38,"Maven Toys Chihuahua 2","Chihuahua","Downtown",9,"Dino Egg","Toys",9.99,10.99,6,"positive_stock",283,347,3.86,1.6,22.6,1.00,3813.53,347.00,59.94
39,"Maven Toys Xalapa 2","Xalapa","Downtown",9,"Dino Egg","Toys",9.99,10.99,6,"positive_stock",227,92,1.02,5.9,-59.5,1.00,1011.08,92.00,59.94
40,"Maven Toys Toluca 2","Toluca","Commercial",9,"Dino Egg","Toys",9.99,10.99,11,"positive_stock",42,172,1.91,5.8,309.5,1.00,1890.28,172.00,109.89
41,"Maven Toys Hermosillo 2","Hermosillo","Downtown",9,"Dino Egg","Toys",9.99,10.99,18,"positive_stock",157,113,1.26,14.3,-28.0,1.00,1241.87,113.00,179.82
42,"Maven Toys Hermosillo 3","Hermosillo","Commercial",9,"Dino Egg","Toys",9.99,10.99,30,"positive_stock",314,228,2.53,11.8,-27.4,1.00,2505.72,228.00,299.70
43,"Maven Toys Durango 1","Durango","Downtown",9,"Dino Egg","Toys",9.99,10.99,4,"positive_stock",161,58,0.64,6.2,-64.0,1.00,637.42,58.00,39.96
44,"Maven Toys Puebla 3","Puebla","Residential",9,"Dino Egg","Toys",9.99,10.99,NULL,"inventory_record_missing",0,0,0.00,NULL,NULL,1.00,0.00,0.00,NULL
45,"Maven Toys Ciudad de Mexico 4","Ciudad de Mexico","Commercial",9,"Dino Egg","Toys",9.99,10.99,0,"confirmed_zero_stock",248,358,3.98,0.0,44.4,1.00,3934.42,358.00,0.00
46,"Maven Toys Guadalajara 4","Guadalajara","Downtown",9,"Dino Egg","Toys",9.99,10.99,22,"positive_stock",128,78,0.87,25.4,-39.1,1.00,857.22,78.00,219.78
47,"Maven Toys Monterrey 4","Monterrey","Commercial",9,"Dino Egg","Toys",9.99,10.99,6,"positive_stock",106,168,1.87,3.2,58.5,1.00,1846.32,168.00,59.94
48,"Maven Toys Saltillo 2","Saltillo","Commercial",9,"Dino Egg","Toys",9.99,10.99,13,"positive_stock",124,37,0.41,31.6,-70.2,1.00,406.63,37.00,129.87
49,"Maven Toys Culiacan 1","Culiacan","Downtown",9,"Dino Egg","Toys",9.99,10.99,25,"positive_stock",316,343,3.81,6.6,8.5,1.00,3769.57,343.00,249.75
50,"Maven Toys Guanajuato 3","Guanajuato","Residential",9,"Dino Egg","Toys",9.99,10.99,7,"positive_stock",108,161,1.79,3.9,49.1,1.00,1769.39,161.00,69.93
1,"Maven Toys Guadalajara 1","Guadalajara","Residential",10,"Dinosaur Figures","Toys",10.99,14.99,22,"positive_stock",65,47,0.52,42.1,-27.7,4.00,704.53,188.00,241.78
2,"Maven Toys Monterrey 1","Monterrey","Residential",10,"Dinosaur Figures","Toys",10.99,14.99,10,"positive_stock",56,46,0.51,19.6,-17.9,4.00,689.54,184.00,109.90
3,"Maven Toys Guadalajara 2","Guadalajara","Commercial",10,"Dinosaur Figures","Toys",10.99,14.99,54,"positive_stock",50,36,0.40,135.0,-28.0,4.00,539.64,144.00,593.46
4,"Maven Toys Saltillo 1","Saltillo","Downtown",10,"Dinosaur Figures","Toys",10.99,14.99,8,"positive_stock",65,95,1.06,7.6,46.2,4.00,1424.05,380.00,87.92
5,"Maven Toys La Paz 1","La Paz","Downtown",10,"Dinosaur Figures","Toys",10.99,14.99,39,"positive_stock",66,129,1.43,27.2,95.5,4.00,1933.71,516.00,428.61
6,"Maven Toys Mexicali 1","Mexicali","Commercial",10,"Dinosaur Figures","Toys",10.99,14.99,52,"positive_stock",61,90,1.00,52.0,47.5,4.00,1349.10,360.00,571.48
7,"Maven Toys Monterrey 2","Monterrey","Downtown",10,"Dinosaur Figures","Toys",10.99,14.99,36,"positive_stock",211,161,1.79,20.1,-23.7,4.00,2413.39,644.00,395.64
8,"Maven Toys Pachuca 1","Pachuca","Downtown",10,"Dinosaur Figures","Toys",10.99,14.99,54,"positive_stock",7,0,0.00,NULL,-100.0,4.00,0.00,0.00,593.46
9,"Maven Toys Ciudad de Mexico 1","Ciudad de Mexico","Downtown",10,"Dinosaur Figures","Toys",10.99,14.99,69,"positive_stock",29,45,0.50,138.0,55.2,4.00,674.55,180.00,758.31
10,"Maven Toys Campeche 1","Campeche","Downtown",10,"Dinosaur Figures","Toys",10.99,14.99,57,"positive_stock",134,70,0.78,73.3,-47.8,4.00,1049.30,280.00,626.43
11,"Maven Toys Cuernavaca 1","Cuernavaca","Downtown",10,"Dinosaur Figures","Toys",10.99,14.99,17,"positive_stock",0,0,0.00,NULL,NULL,4.00,0.00,0.00,186.83
12,"Maven Toys Chetumal 1","Chetumal","Downtown",10,"Dinosaur Figures","Toys",10.99,14.99,17,"positive_stock",185,39,0.43,39.2,-78.9,4.00,584.61,156.00,186.83
13,"Maven Toys Mexicali 2","Mexicali","Downtown",10,"Dinosaur Figures","Toys",10.99,14.99,84,"positive_stock",218,222,2.47,34.1,1.8,4.00,3327.78,888.00,923.16
14,"Maven Toys Guanajuato 1","Guanajuato","Downtown",10,"Dinosaur Figures","Toys",10.99,14.99,32,"positive_stock",84,54,0.60,53.3,-35.7,4.00,809.46,216.00,351.68
15,"Maven Toys Tuxtla Gutierrez 1","Tuxtla Gutierrez","Downtown",10,"Dinosaur Figures","Toys",10.99,14.99,39,"positive_stock",65,62,0.69,56.6,-4.6,4.00,929.38,248.00,428.61
16,"Maven Toys San Luis Potosi 1","San Luis Potosi","Downtown",10,"Dinosaur Figures","Toys",10.99,14.99,43,"positive_stock",10,8,0.09,483.8,-20.0,4.00,119.92,32.00,472.57
17,"Maven Toys Toluca 1","Toluca","Downtown",10,"Dinosaur Figures","Toys",10.99,14.99,67,"positive_stock",71,48,0.53,125.6,-32.4,4.00,719.52,192.00,736.33
18,"Maven Toys Merida 1","Merida","Downtown",10,"Dinosaur Figures","Toys",10.99,14.99,16,"positive_stock",0,0,0.00,NULL,NULL,4.00,0.00,0.00,175.84
19,"Maven Toys Puebla 1","Puebla","Commercial",10,"Dinosaur Figures","Toys",10.99,14.99,45,"positive_stock",55,39,0.43,103.8,-29.1,4.00,584.61,156.00,494.55
20,"Maven Toys Zacatecas 1","Zacatecas","Downtown",10,"Dinosaur Figures","Toys",10.99,14.99,34,"positive_stock",85,145,1.61,21.1,70.6,4.00,2173.55,580.00,373.66
21,"Maven Toys Santiago 1","Santiago","Downtown",10,"Dinosaur Figures","Toys",10.99,14.99,13,"positive_stock",71,123,1.37,9.5,73.2,4.00,1843.77,492.00,142.87
22,"Maven Toys Guanajuato 2","Guanajuato","Commercial",10,"Dinosaur Figures","Toys",10.99,14.99,64,"positive_stock",59,41,0.46,140.5,-30.5,4.00,614.59,164.00,703.36
23,"Maven Toys Chihuahua 1","Chihuahua","Commercial",10,"Dinosaur Figures","Toys",10.99,14.99,35,"positive_stock",118,44,0.49,71.6,-62.7,4.00,659.56,176.00,384.65
24,"Maven Toys Aguascalientes 1","Aguascalientes","Downtown",10,"Dinosaur Figures","Toys",10.99,14.99,19,"positive_stock",144,76,0.84,22.5,-47.2,4.00,1139.24,304.00,208.81
25,"Maven Toys Ciudad Victoria 1","Ciudad Victoria","Downtown",10,"Dinosaur Figures","Toys",10.99,14.99,8,"positive_stock",100,84,0.93,8.6,-16.0,4.00,1259.16,336.00,87.92
26,"Maven Toys Campeche 2","Campeche","Commercial",10,"Dinosaur Figures","Toys",10.99,14.99,25,"positive_stock",0,12,0.13,187.5,NULL,4.00,179.88,48.00,274.75
27,"Maven Toys Oaxaca 1","Oaxaca","Downtown",10,"Dinosaur Figures","Toys",10.99,14.99,45,"positive_stock",12,6,0.07,675.0,-50.0,4.00,89.94,24.00,494.55
28,"Maven Toys Puebla 2","Puebla","Downtown",10,"Dinosaur Figures","Toys",10.99,14.99,8,"positive_stock",91,106,1.18,6.8,16.5,4.00,1588.94,424.00,87.92
29,"Maven Toys Xalapa 1","Xalapa","Commercial",10,"Dinosaur Figures","Toys",10.99,14.99,45,"positive_stock",56,130,1.44,31.2,132.1,4.00,1948.70,520.00,494.55
30,"Maven Toys Guadalajara 3","Guadalajara","Airport",10,"Dinosaur Figures","Toys",10.99,14.99,55,"positive_stock",245,273,3.03,18.1,11.4,4.00,4092.27,1092.00,604.45
31,"Maven Toys Ciudad de Mexico 2","Ciudad de Mexico","Airport",10,"Dinosaur Figures","Toys",10.99,14.99,139,"positive_stock",0,73,0.81,171.4,NULL,4.00,1094.27,292.00,1527.61
32,"Maven Toys Hermosillo 1","Hermosillo","Residential",10,"Dinosaur Figures","Toys",10.99,14.99,138,"positive_stock",0,0,0.00,NULL,NULL,4.00,0.00,0.00,1516.62
33,"Maven Toys Monterrey 3","Monterrey","Airport",10,"Dinosaur Figures","Toys",10.99,14.99,12,"positive_stock",98,81,0.90,13.3,-17.3,4.00,1214.19,324.00,131.88
34,"Maven Toys Villahermosa 1","Villahermosa","Downtown",10,"Dinosaur Figures","Toys",10.99,14.99,57,"positive_stock",84,137,1.52,37.4,63.1,4.00,2053.63,548.00,626.43
35,"Maven Toys Chilpancingo 1","Chilpancingo","Downtown",10,"Dinosaur Figures","Toys",10.99,14.99,86,"positive_stock",88,192,2.13,40.3,118.2,4.00,2878.08,768.00,945.14
36,"Maven Toys Morelia 1","Morelia","Downtown",10,"Dinosaur Figures","Toys",10.99,14.99,33,"positive_stock",78,164,1.82,18.1,110.3,4.00,2458.36,656.00,362.67
37,"Maven Toys Ciudad de Mexico 3","Ciudad de Mexico","Residential",10,"Dinosaur Figures","Toys",10.99,14.99,34,"positive_stock",69,178,1.98,17.2,158.0,4.00,2668.22,712.00,373.66
38,"Maven Toys Chihuahua 2","Chihuahua","Downtown",10,"Dinosaur Figures","Toys",10.99,14.99,68,"positive_stock",98,13,0.14,470.8,-86.7,4.00,194.87,52.00,747.32
39,"Maven Toys Xalapa 2","Xalapa","Downtown",10,"Dinosaur Figures","Toys",10.99,14.99,49,"positive_stock",48,246,2.73,17.9,412.5,4.00,3687.54,984.00,538.51
40,"Maven Toys Toluca 2","Toluca","Commercial",10,"Dinosaur Figures","Toys",10.99,14.99,66,"positive_stock",37,119,1.32,49.9,221.6,4.00,1783.81,476.00,725.34
41,"Maven Toys Hermosillo 2","Hermosillo","Downtown",10,"Dinosaur Figures","Toys",10.99,14.99,94,"positive_stock",100,187,2.08,45.2,87.0,4.00,2803.13,748.00,1033.06
42,"Maven Toys Hermosillo 3","Hermosillo","Commercial",10,"Dinosaur Figures","Toys",10.99,14.99,39,"positive_stock",47,46,0.51,76.3,-2.1,4.00,689.54,184.00,428.61
43,"Maven Toys Durango 1","Durango","Downtown",10,"Dinosaur Figures","Toys",10.99,14.99,49,"positive_stock",0,55,0.61,80.2,NULL,4.00,824.45,220.00,538.51
44,"Maven Toys Puebla 3","Puebla","Residential",10,"Dinosaur Figures","Toys",10.99,14.99,41,"positive_stock",227,100,1.11,36.9,-55.9,4.00,1499.00,400.00,450.59
45,"Maven Toys Ciudad de Mexico 4","Ciudad de Mexico","Commercial",10,"Dinosaur Figures","Toys",10.99,14.99,42,"positive_stock",166,94,1.04,40.2,-43.4,4.00,1409.06,376.00,461.58
46,"Maven Toys Guadalajara 4","Guadalajara","Downtown",10,"Dinosaur Figures","Toys",10.99,14.99,71,"positive_stock",79,220,2.44,29.0,178.5,4.00,3297.80,880.00,780.29
47,"Maven Toys Monterrey 4","Monterrey","Commercial",10,"Dinosaur Figures","Toys",10.99,14.99,20,"positive_stock",15,217,2.41,8.3,1346.7,4.00,3252.83,868.00,219.80
48,"Maven Toys Saltillo 2","Saltillo","Commercial",10,"Dinosaur Figures","Toys",10.99,14.99,52,"positive_stock",102,89,0.99,52.6,-12.7,4.00,1334.11,356.00,571.48
49,"Maven Toys Culiacan 1","Culiacan","Downtown",10,"Dinosaur Figures","Toys",10.99,14.99,36,"positive_stock",151,86,0.96,37.7,-43.0,4.00,1289.14,344.00,395.64
50,"Maven Toys Guanajuato 3","Guanajuato","Residential",10,"Dinosaur Figures","Toys",10.99,14.99,34,"positive_stock",13,13,0.14,235.4,0.0,4.00,194.87,52.00,373.66
1,"Maven Toys Guadalajara 1","Guadalajara","Residential",11,"Etch A Sketch","Art & Crafts",10.99,20.99,19,"positive_stock",171,76,0.84,22.5,-55.6,10.00,1595.24,760.00,208.81
2,"Maven Toys Monterrey 1","Monterrey","Residential",11,"Etch A Sketch","Art & Crafts",10.99,20.99,0,"confirmed_zero_stock",14,20,0.22,0.0,42.9,10.00,419.80,200.00,0.00
3,"Maven Toys Guadalajara 2","Guadalajara","Commercial",11,"Etch A Sketch","Art & Crafts",10.99,20.99,13,"positive_stock",99,14,0.16,83.6,-85.9,10.00,293.86,140.00,142.87
4,"Maven Toys Saltillo 1","Saltillo","Downtown",11,"Etch A Sketch","Art & Crafts",10.99,20.99,3,"positive_stock",40,38,0.42,7.1,-5.0,10.00,797.62,380.00,32.97
5,"Maven Toys La Paz 1","La Paz","Downtown",11,"Etch A Sketch","Art & Crafts",10.99,20.99,0,"confirmed_zero_stock",46,46,0.51,0.0,0.0,10.00,965.54,460.00,0.00
6,"Maven Toys Mexicali 1","Mexicali","Commercial",11,"Etch A Sketch","Art & Crafts",10.99,20.99,20,"positive_stock",42,59,0.66,30.5,40.5,10.00,1238.41,590.00,219.80
7,"Maven Toys Monterrey 2","Monterrey","Downtown",11,"Etch A Sketch","Art & Crafts",10.99,20.99,7,"positive_stock",59,18,0.20,35.0,-69.5,10.00,377.82,180.00,76.93
8,"Maven Toys Pachuca 1","Pachuca","Downtown",11,"Etch A Sketch","Art & Crafts",10.99,20.99,8,"positive_stock",56,51,0.57,14.1,-8.9,10.00,1070.49,510.00,87.92
9,"Maven Toys Ciudad de Mexico 1","Ciudad de Mexico","Downtown",11,"Etch A Sketch","Art & Crafts",10.99,20.99,1,"positive_stock",75,45,0.50,2.0,-40.0,10.00,944.55,450.00,10.99
10,"Maven Toys Campeche 1","Campeche","Downtown",11,"Etch A Sketch","Art & Crafts",10.99,20.99,9,"positive_stock",67,40,0.44,20.3,-40.3,10.00,839.60,400.00,98.91
11,"Maven Toys Cuernavaca 1","Cuernavaca","Downtown",11,"Etch A Sketch","Art & Crafts",10.99,20.99,9,"positive_stock",29,34,0.38,23.8,17.2,10.00,713.66,340.00,98.91
12,"Maven Toys Chetumal 1","Chetumal","Downtown",11,"Etch A Sketch","Art & Crafts",10.99,20.99,8,"positive_stock",64,25,0.28,28.8,-60.9,10.00,524.75,250.00,87.92
13,"Maven Toys Mexicali 2","Mexicali","Downtown",11,"Etch A Sketch","Art & Crafts",10.99,20.99,0,"confirmed_zero_stock",57,43,0.48,0.0,-24.6,10.00,902.57,430.00,0.00
14,"Maven Toys Guanajuato 1","Guanajuato","Downtown",11,"Etch A Sketch","Art & Crafts",10.99,20.99,10,"positive_stock",44,135,1.50,6.7,206.8,10.00,2833.65,1350.00,109.90
15,"Maven Toys Tuxtla Gutierrez 1","Tuxtla Gutierrez","Downtown",11,"Etch A Sketch","Art & Crafts",10.99,20.99,28,"positive_stock",18,13,0.14,193.8,-27.8,10.00,272.87,130.00,307.72
16,"Maven Toys San Luis Potosi 1","San Luis Potosi","Downtown",11,"Etch A Sketch","Art & Crafts",10.99,20.99,12,"positive_stock",139,50,0.56,21.6,-64.0,10.00,1049.50,500.00,131.88
17,"Maven Toys Toluca 1","Toluca","Downtown",11,"Etch A Sketch","Art & Crafts",10.99,20.99,6,"positive_stock",181,108,1.20,5.0,-40.3,10.00,2266.92,1080.00,65.94
18,"Maven Toys Merida 1","Merida","Downtown",11,"Etch A Sketch","Art & Crafts",10.99,20.99,12,"positive_stock",5,46,0.51,23.5,820.0,10.00,965.54,460.00,131.88
19,"Maven Toys Puebla 1","Puebla","Commercial",11,"Etch A Sketch","Art & Crafts",10.99,20.99,0,"confirmed_zero_stock",49,13,0.14,0.0,-73.5,10.00,272.87,130.00,0.00
20,"Maven Toys Zacatecas 1","Zacatecas","Downtown",11,"Etch A Sketch","Art & Crafts",10.99,20.99,3,"positive_stock",95,44,0.49,6.1,-53.7,10.00,923.56,440.00,32.97
21,"Maven Toys Santiago 1","Santiago","Downtown",11,"Etch A Sketch","Art & Crafts",10.99,20.99,11,"positive_stock",122,20,0.22,49.5,-83.6,10.00,419.80,200.00,120.89
22,"Maven Toys Guanajuato 2","Guanajuato","Commercial",11,"Etch A Sketch","Art & Crafts",10.99,20.99,7,"positive_stock",62,80,0.89,7.9,29.0,10.00,1679.20,800.00,76.93
23,"Maven Toys Chihuahua 1","Chihuahua","Commercial",11,"Etch A Sketch","Art & Crafts",10.99,20.99,18,"positive_stock",3,27,0.30,60.0,800.0,10.00,566.73,270.00,197.82
24,"Maven Toys Aguascalientes 1","Aguascalientes","Downtown",11,"Etch A Sketch","Art & Crafts",10.99,20.99,13,"positive_stock",80,38,0.42,30.8,-52.5,10.00,797.62,380.00,142.87
25,"Maven Toys Ciudad Victoria 1","Ciudad Victoria","Downtown",11,"Etch A Sketch","Art & Crafts",10.99,20.99,3,"positive_stock",69,96,1.07,2.8,39.1,10.00,2015.04,960.00,32.97
26,"Maven Toys Campeche 2","Campeche","Commercial",11,"Etch A Sketch","Art & Crafts",10.99,20.99,2,"positive_stock",6,54,0.60,3.3,800.0,10.00,1133.46,540.00,21.98
27,"Maven Toys Oaxaca 1","Oaxaca","Downtown",11,"Etch A Sketch","Art & Crafts",10.99,20.99,0,"confirmed_zero_stock",31,17,0.19,0.0,-45.2,10.00,356.83,170.00,0.00
28,"Maven Toys Puebla 2","Puebla","Downtown",11,"Etch A Sketch","Art & Crafts",10.99,20.99,4,"positive_stock",143,89,0.99,4.0,-37.8,10.00,1868.11,890.00,43.96
29,"Maven Toys Xalapa 1","Xalapa","Commercial",11,"Etch A Sketch","Art & Crafts",10.99,20.99,8,"positive_stock",43,64,0.71,11.3,48.8,10.00,1343.36,640.00,87.92
30,"Maven Toys Guadalajara 3","Guadalajara","Airport",11,"Etch A Sketch","Art & Crafts",10.99,20.99,3,"positive_stock",104,108,1.20,2.5,3.8,10.00,2266.92,1080.00,32.97
31,"Maven Toys Ciudad de Mexico 2","Ciudad de Mexico","Airport",11,"Etch A Sketch","Art & Crafts",10.99,20.99,8,"positive_stock",117,140,1.56,5.1,19.7,10.00,2938.60,1400.00,87.92
32,"Maven Toys Hermosillo 1","Hermosillo","Residential",11,"Etch A Sketch","Art & Crafts",10.99,20.99,6,"positive_stock",141,82,0.91,6.6,-41.8,10.00,1721.18,820.00,65.94
33,"Maven Toys Monterrey 3","Monterrey","Airport",11,"Etch A Sketch","Art & Crafts",10.99,20.99,4,"positive_stock",0,92,1.02,3.9,NULL,10.00,1931.08,920.00,43.96
34,"Maven Toys Villahermosa 1","Villahermosa","Downtown",11,"Etch A Sketch","Art & Crafts",10.99,20.99,18,"positive_stock",44,17,0.19,95.3,-61.4,10.00,356.83,170.00,197.82
35,"Maven Toys Chilpancingo 1","Chilpancingo","Downtown",11,"Etch A Sketch","Art & Crafts",10.99,20.99,8,"positive_stock",0,0,0.00,NULL,NULL,10.00,0.00,0.00,87.92
36,"Maven Toys Morelia 1","Morelia","Downtown",11,"Etch A Sketch","Art & Crafts",10.99,20.99,1,"positive_stock",24,27,0.30,3.3,12.5,10.00,566.73,270.00,10.99
37,"Maven Toys Ciudad de Mexico 3","Ciudad de Mexico","Residential",11,"Etch A Sketch","Art & Crafts",10.99,20.99,7,"positive_stock",14,104,1.16,6.1,642.9,10.00,2182.96,1040.00,76.93
38,"Maven Toys Chihuahua 2","Chihuahua","Downtown",11,"Etch A Sketch","Art & Crafts",10.99,20.99,2,"positive_stock",38,11,0.12,16.4,-71.1,10.00,230.89,110.00,21.98
39,"Maven Toys Xalapa 2","Xalapa","Downtown",11,"Etch A Sketch","Art & Crafts",10.99,20.99,2,"positive_stock",84,88,0.98,2.0,4.8,10.00,1847.12,880.00,21.98
40,"Maven Toys Toluca 2","Toluca","Commercial",11,"Etch A Sketch","Art & Crafts",10.99,20.99,10,"positive_stock",76,69,0.77,13.0,-9.2,10.00,1448.31,690.00,109.90
41,"Maven Toys Hermosillo 2","Hermosillo","Downtown",11,"Etch A Sketch","Art & Crafts",10.99,20.99,0,"confirmed_zero_stock",45,71,0.79,0.0,57.8,10.00,1490.29,710.00,0.00
42,"Maven Toys Hermosillo 3","Hermosillo","Commercial",11,"Etch A Sketch","Art & Crafts",10.99,20.99,20,"positive_stock",56,64,0.71,28.1,14.3,10.00,1343.36,640.00,219.80
43,"Maven Toys Durango 1","Durango","Downtown",11,"Etch A Sketch","Art & Crafts",10.99,20.99,3,"positive_stock",41,62,0.69,4.4,51.2,10.00,1301.38,620.00,32.97
44,"Maven Toys Puebla 3","Puebla","Residential",11,"Etch A Sketch","Art & Crafts",10.99,20.99,0,"confirmed_zero_stock",39,129,1.43,0.0,230.8,10.00,2707.71,1290.00,0.00
45,"Maven Toys Ciudad de Mexico 4","Ciudad de Mexico","Commercial",11,"Etch A Sketch","Art & Crafts",10.99,20.99,10,"positive_stock",55,26,0.29,34.6,-52.7,10.00,545.74,260.00,109.90
46,"Maven Toys Guadalajara 4","Guadalajara","Downtown",11,"Etch A Sketch","Art & Crafts",10.99,20.99,12,"positive_stock",109,81,0.90,13.3,-25.7,10.00,1700.19,810.00,131.88
47,"Maven Toys Monterrey 4","Monterrey","Commercial",11,"Etch A Sketch","Art & Crafts",10.99,20.99,10,"positive_stock",143,98,1.09,9.2,-31.5,10.00,2057.02,980.00,109.90
48,"Maven Toys Saltillo 2","Saltillo","Commercial",11,"Etch A Sketch","Art & Crafts",10.99,20.99,6,"positive_stock",9,17,0.19,31.8,88.9,10.00,356.83,170.00,65.94
49,"Maven Toys Culiacan 1","Culiacan","Downtown",11,"Etch A Sketch","Art & Crafts",10.99,20.99,18,"positive_stock",197,92,1.02,17.6,-53.3,10.00,1931.08,920.00,197.82
50,"Maven Toys Guanajuato 3","Guanajuato","Residential",11,"Etch A Sketch","Art & Crafts",10.99,20.99,20,"positive_stock",68,45,0.50,40.0,-33.8,10.00,944.55,450.00,219.80
1,"Maven Toys Guadalajara 1","Guadalajara","Residential",12,"Foam Disk Launcher","Sports & Outdoors",8.99,11.99,3,"positive_stock",37,52,0.58,5.2,40.5,3.00,623.48,156.00,26.97
2,"Maven Toys Monterrey 1","Monterrey","Residential",12,"Foam Disk Launcher","Sports & Outdoors",8.99,11.99,2,"positive_stock",43,41,0.46,4.4,-4.7,3.00,491.59,123.00,17.98
3,"Maven Toys Guadalajara 2","Guadalajara","Commercial",12,"Foam Disk Launcher","Sports & Outdoors",8.99,11.99,4,"positive_stock",59,15,0.17,24.0,-74.6,3.00,179.85,45.00,35.96
4,"Maven Toys Saltillo 1","Saltillo","Downtown",12,"Foam Disk Launcher","Sports & Outdoors",8.99,11.99,7,"positive_stock",67,82,0.91,7.7,22.4,3.00,983.18,246.00,62.93
5,"Maven Toys La Paz 1","La Paz","Downtown",12,"Foam Disk Launcher","Sports & Outdoors",8.99,11.99,0,"confirmed_zero_stock",33,52,0.58,0.0,57.6,3.00,623.48,156.00,0.00
6,"Maven Toys Mexicali 1","Mexicali","Commercial",12,"Foam Disk Launcher","Sports & Outdoors",8.99,11.99,2,"positive_stock",26,27,0.30,6.7,3.8,3.00,323.73,81.00,17.98
7,"Maven Toys Monterrey 2","Monterrey","Downtown",12,"Foam Disk Launcher","Sports & Outdoors",8.99,11.99,38,"positive_stock",150,44,0.49,77.7,-70.7,3.00,527.56,132.00,341.62
8,"Maven Toys Pachuca 1","Pachuca","Downtown",12,"Foam Disk Launcher","Sports & Outdoors",8.99,11.99,4,"positive_stock",103,44,0.49,8.2,-57.3,3.00,527.56,132.00,35.96
9,"Maven Toys Ciudad de Mexico 1","Ciudad de Mexico","Downtown",12,"Foam Disk Launcher","Sports & Outdoors",8.99,11.99,6,"positive_stock",103,8,0.09,67.5,-92.2,3.00,95.92,24.00,53.94
10,"Maven Toys Campeche 1","Campeche","Downtown",12,"Foam Disk Launcher","Sports & Outdoors",8.99,11.99,15,"positive_stock",94,55,0.61,24.5,-41.5,3.00,659.45,165.00,134.85
11,"Maven Toys Cuernavaca 1","Cuernavaca","Downtown",12,"Foam Disk Launcher","Sports & Outdoors",8.99,11.99,17,"positive_stock",76,31,0.34,49.4,-59.2,3.00,371.69,93.00,152.83
12,"Maven Toys Chetumal 1","Chetumal","Downtown",12,"Foam Disk Launcher","Sports & Outdoors",8.99,11.99,10,"positive_stock",61,20,0.22,45.0,-67.2,3.00,239.80,60.00,89.90
13,"Maven Toys Mexicali 2","Mexicali","Downtown",12,"Foam Disk Launcher","Sports & Outdoors",8.99,11.99,0,"confirmed_zero_stock",62,110,1.22,0.0,77.4,3.00,1318.90,330.00,0.00
14,"Maven Toys Guanajuato 1","Guanajuato","Downtown",12,"Foam Disk Launcher","Sports & Outdoors",8.99,11.99,2,"positive_stock",55,54,0.60,3.3,-1.8,3.00,647.46,162.00,17.98
15,"Maven Toys Tuxtla Gutierrez 1","Tuxtla Gutierrez","Downtown",12,"Foam Disk Launcher","Sports & Outdoors",8.99,11.99,0,"confirmed_zero_stock",70,87,0.97,0.0,24.3,3.00,1043.13,261.00,0.00
16,"Maven Toys San Luis Potosi 1","San Luis Potosi","Downtown",12,"Foam Disk Launcher","Sports & Outdoors",8.99,11.99,12,"positive_stock",74,23,0.26,47.0,-68.9,3.00,275.77,69.00,107.88
17,"Maven Toys Toluca 1","Toluca","Downtown",12,"Foam Disk Launcher","Sports & Outdoors",8.99,11.99,10,"positive_stock",149,69,0.77,13.0,-53.7,3.00,827.31,207.00,89.90
18,"Maven Toys Merida 1","Merida","Downtown",12,"Foam Disk Launcher","Sports & Outdoors",8.99,11.99,3,"positive_stock",20,2,0.02,135.0,-90.0,3.00,23.98,6.00,26.97
19,"Maven Toys Puebla 1","Puebla","Commercial",12,"Foam Disk Launcher","Sports & Outdoors",8.99,11.99,3,"positive_stock",67,151,1.68,1.8,125.4,3.00,1810.49,453.00,26.97
20,"Maven Toys Zacatecas 1","Zacatecas","Downtown",12,"Foam Disk Launcher","Sports & Outdoors",8.99,11.99,4,"positive_stock",50,19,0.21,18.9,-62.0,3.00,227.81,57.00,35.96
21,"Maven Toys Santiago 1","Santiago","Downtown",12,"Foam Disk Launcher","Sports & Outdoors",8.99,11.99,21,"positive_stock",58,29,0.32,65.2,-50.0,3.00,347.71,87.00,188.79
22,"Maven Toys Guanajuato 2","Guanajuato","Commercial",12,"Foam Disk Launcher","Sports & Outdoors",8.99,11.99,3,"positive_stock",53,28,0.31,9.6,-47.2,3.00,335.72,84.00,26.97
23,"Maven Toys Chihuahua 1","Chihuahua","Commercial",12,"Foam Disk Launcher","Sports & Outdoors",8.99,11.99,14,"positive_stock",75,44,0.49,28.6,-41.3,3.00,527.56,132.00,125.86
24,"Maven Toys Aguascalientes 1","Aguascalientes","Downtown",12,"Foam Disk Launcher","Sports & Outdoors",8.99,11.99,0,"confirmed_zero_stock",32,21,0.23,0.0,-34.4,3.00,251.79,63.00,0.00
25,"Maven Toys Ciudad Victoria 1","Ciudad Victoria","Downtown",12,"Foam Disk Launcher","Sports & Outdoors",8.99,11.99,17,"positive_stock",42,13,0.14,117.7,-69.0,3.00,155.87,39.00,152.83
26,"Maven Toys Campeche 2","Campeche","Commercial",12,"Foam Disk Launcher","Sports & Outdoors",8.99,11.99,14,"positive_stock",38,13,0.14,96.9,-65.8,3.00,155.87,39.00,125.86
27,"Maven Toys Oaxaca 1","Oaxaca","Downtown",12,"Foam Disk Launcher","Sports & Outdoors",8.99,11.99,5,"positive_stock",149,35,0.39,12.9,-76.5,3.00,419.65,105.00,44.95
28,"Maven Toys Puebla 2","Puebla","Downtown",12,"Foam Disk Launcher","Sports & Outdoors",8.99,11.99,4,"positive_stock",115,25,0.28,14.4,-78.3,3.00,299.75,75.00,35.96
29,"Maven Toys Xalapa 1","Xalapa","Commercial",12,"Foam Disk Launcher","Sports & Outdoors",8.99,11.99,6,"positive_stock",85,20,0.22,27.0,-76.5,3.00,239.80,60.00,53.94
30,"Maven Toys Guadalajara 3","Guadalajara","Airport",12,"Foam Disk Launcher","Sports & Outdoors",8.99,11.99,8,"positive_stock",78,189,2.10,3.8,142.3,3.00,2266.11,567.00,71.92
31,"Maven Toys Ciudad de Mexico 2","Ciudad de Mexico","Airport",12,"Foam Disk Launcher","Sports & Outdoors",8.99,11.99,13,"positive_stock",216,111,1.23,10.5,-48.6,3.00,1330.89,333.00,116.87
32,"Maven Toys Hermosillo 1","Hermosillo","Residential",12,"Foam Disk Launcher","Sports & Outdoors",8.99,11.99,4,"positive_stock",38,15,0.17,24.0,-60.5,3.00,179.85,45.00,35.96
33,"Maven Toys Monterrey 3","Monterrey","Airport",12,"Foam Disk Launcher","Sports & Outdoors",8.99,11.99,17,"positive_stock",108,66,0.73,23.2,-38.9,3.00,791.34,198.00,152.83
34,"Maven Toys Villahermosa 1","Villahermosa","Downtown",12,"Foam Disk Launcher","Sports & Outdoors",8.99,11.99,6,"positive_stock",82,36,0.40,15.0,-56.1,3.00,431.64,108.00,53.94
35,"Maven Toys Chilpancingo 1","Chilpancingo","Downtown",12,"Foam Disk Launcher","Sports & Outdoors",8.99,11.99,15,"positive_stock",90,21,0.23,64.3,-76.7,3.00,251.79,63.00,134.85
36,"Maven Toys Morelia 1","Morelia","Downtown",12,"Foam Disk Launcher","Sports & Outdoors",8.99,11.99,1,"positive_stock",51,28,0.31,3.2,-45.1,3.00,335.72,84.00,8.99
37,"Maven Toys Ciudad de Mexico 3","Ciudad de Mexico","Residential",12,"Foam Disk Launcher","Sports & Outdoors",8.99,11.99,11,"positive_stock",118,60,0.67,16.5,-49.2,3.00,719.40,180.00,98.89
38,"Maven Toys Chihuahua 2","Chihuahua","Downtown",12,"Foam Disk Launcher","Sports & Outdoors",8.99,11.99,0,"confirmed_zero_stock",131,14,0.16,0.0,-89.3,3.00,167.86,42.00,0.00
39,"Maven Toys Xalapa 2","Xalapa","Downtown",12,"Foam Disk Launcher","Sports & Outdoors",8.99,11.99,3,"positive_stock",194,66,0.73,4.1,-66.0,3.00,791.34,198.00,26.97
40,"Maven Toys Toluca 2","Toluca","Commercial",12,"Foam Disk Launcher","Sports & Outdoors",8.99,11.99,2,"positive_stock",59,35,0.39,5.1,-40.7,3.00,419.65,105.00,17.98
41,"Maven Toys Hermosillo 2","Hermosillo","Downtown",12,"Foam Disk Launcher","Sports & Outdoors",8.99,11.99,19,"positive_stock",33,9,0.10,190.0,-72.7,3.00,107.91,27.00,170.81
42,"Maven Toys Hermosillo 3","Hermosillo","Commercial",12,"Foam Disk Launcher","Sports & Outdoors",8.99,11.99,10,"positive_stock",142,70,0.78,12.9,-50.7,3.00,839.30,210.00,89.90
43,"Maven Toys Durango 1","Durango","Downtown",12,"Foam Disk Launcher","Sports & Outdoors",8.99,11.99,3,"positive_stock",97,55,0.61,4.9,-43.3,3.00,659.45,165.00,26.97
44,"Maven Toys Puebla 3","Puebla","Residential",12,"Foam Disk Launcher","Sports & Outdoors",8.99,11.99,NULL,"inventory_record_missing",0,0,0.00,NULL,NULL,3.00,0.00,0.00,NULL
45,"Maven Toys Ciudad de Mexico 4","Ciudad de Mexico","Commercial",12,"Foam Disk Launcher","Sports & Outdoors",8.99,11.99,8,"positive_stock",56,9,0.10,80.0,-83.9,3.00,107.91,27.00,71.92
46,"Maven Toys Guadalajara 4","Guadalajara","Downtown",12,"Foam Disk Launcher","Sports & Outdoors",8.99,11.99,13,"positive_stock",119,82,0.91,14.3,-31.1,3.00,983.18,246.00,116.87
47,"Maven Toys Monterrey 4","Monterrey","Commercial",12,"Foam Disk Launcher","Sports & Outdoors",8.99,11.99,5,"positive_stock",136,84,0.93,5.4,-38.2,3.00,1007.16,252.00,44.95
48,"Maven Toys Saltillo 2","Saltillo","Commercial",12,"Foam Disk Launcher","Sports & Outdoors",8.99,11.99,1,"positive_stock",91,27,0.30,3.3,-70.3,3.00,323.73,81.00,8.99
49,"Maven Toys Culiacan 1","Culiacan","Downtown",12,"Foam Disk Launcher","Sports & Outdoors",8.99,11.99,14,"positive_stock",69,12,0.13,105.0,-82.6,3.00,143.88,36.00,125.86
50,"Maven Toys Guanajuato 3","Guanajuato","Residential",12,"Foam Disk Launcher","Sports & Outdoors",8.99,11.99,0,"confirmed_zero_stock",69,65,0.72,0.0,-5.8,3.00,779.35,195.00,0.00
1,"Maven Toys Guadalajara 1","Guadalajara","Residential",13,"Gamer Headphones","Electronics",14.99,20.99,12,"positive_stock",62,23,0.26,47.0,-62.9,6.00,482.77,138.00,179.88
2,"Maven Toys Monterrey 1","Monterrey","Residential",13,"Gamer Headphones","Electronics",14.99,20.99,3,"positive_stock",75,58,0.64,4.7,-22.7,6.00,1217.42,348.00,44.97
3,"Maven Toys Guadalajara 2","Guadalajara","Commercial",13,"Gamer Headphones","Electronics",14.99,20.99,8,"positive_stock",136,32,0.36,22.5,-76.5,6.00,671.68,192.00,119.92
4,"Maven Toys Saltillo 1","Saltillo","Downtown",13,"Gamer Headphones","Electronics",14.99,20.99,4,"positive_stock",186,62,0.69,5.8,-66.7,6.00,1301.38,372.00,59.96
5,"Maven Toys La Paz 1","La Paz","Downtown",13,"Gamer Headphones","Electronics",14.99,20.99,17,"positive_stock",71,38,0.42,40.3,-46.5,6.00,797.62,228.00,254.83
6,"Maven Toys Mexicali 1","Mexicali","Commercial",13,"Gamer Headphones","Electronics",14.99,20.99,2,"positive_stock",230,57,0.63,3.2,-75.2,6.00,1196.43,342.00,29.98
7,"Maven Toys Monterrey 2","Monterrey","Downtown",13,"Gamer Headphones","Electronics",14.99,20.99,20,"positive_stock",96,31,0.34,58.1,-67.7,6.00,650.69,186.00,299.80
8,"Maven Toys Pachuca 1","Pachuca","Downtown",13,"Gamer Headphones","Electronics",14.99,20.99,0,"confirmed_zero_stock",87,69,0.77,0.0,-20.7,6.00,1448.31,414.00,0.00
9,"Maven Toys Ciudad de Mexico 1","Ciudad de Mexico","Downtown",13,"Gamer Headphones","Electronics",14.99,20.99,19,"positive_stock",74,22,0.24,77.7,-70.3,6.00,461.78,132.00,284.81
10,"Maven Toys Campeche 1","Campeche","Downtown",13,"Gamer Headphones","Electronics",14.99,20.99,17,"positive_stock",19,20,0.22,76.5,5.3,6.00,419.80,120.00,254.83
11,"Maven Toys Cuernavaca 1","Cuernavaca","Downtown",13,"Gamer Headphones","Electronics",14.99,20.99,2,"positive_stock",12,17,0.19,10.6,41.7,6.00,356.83,102.00,29.98
12,"Maven Toys Chetumal 1","Chetumal","Downtown",13,"Gamer Headphones","Electronics",14.99,20.99,15,"positive_stock",89,94,1.04,14.4,5.6,6.00,1973.06,564.00,224.85
13,"Maven Toys Mexicali 2","Mexicali","Downtown",13,"Gamer Headphones","Electronics",14.99,20.99,14,"positive_stock",132,14,0.16,90.0,-89.4,6.00,293.86,84.00,209.86
14,"Maven Toys Guanajuato 1","Guanajuato","Downtown",13,"Gamer Headphones","Electronics",14.99,20.99,14,"positive_stock",20,68,0.76,18.5,240.0,6.00,1427.32,408.00,209.86
15,"Maven Toys Tuxtla Gutierrez 1","Tuxtla Gutierrez","Downtown",13,"Gamer Headphones","Electronics",14.99,20.99,13,"positive_stock",54,78,0.87,15.0,44.4,6.00,1637.22,468.00,194.87
16,"Maven Toys San Luis Potosi 1","San Luis Potosi","Downtown",13,"Gamer Headphones","Electronics",14.99,20.99,5,"positive_stock",22,34,0.38,13.2,54.5,6.00,713.66,204.00,74.95
17,"Maven Toys Toluca 1","Toluca","Downtown",13,"Gamer Headphones","Electronics",14.99,20.99,16,"positive_stock",47,116,1.29,12.4,146.8,6.00,2434.84,696.00,239.84
18,"Maven Toys Merida 1","Merida","Downtown",13,"Gamer Headphones","Electronics",14.99,20.99,30,"positive_stock",92,98,1.09,27.6,6.5,6.00,2057.02,588.00,449.70
19,"Maven Toys Puebla 1","Puebla","Commercial",13,"Gamer Headphones","Electronics",14.99,20.99,7,"positive_stock",72,70,0.78,9.0,-2.8,6.00,1469.30,420.00,104.93
20,"Maven Toys Zacatecas 1","Zacatecas","Downtown",13,"Gamer Headphones","Electronics",14.99,20.99,11,"positive_stock",16,77,0.86,12.9,381.3,6.00,1616.23,462.00,164.89
21,"Maven Toys Santiago 1","Santiago","Downtown",13,"Gamer Headphones","Electronics",14.99,20.99,5,"positive_stock",58,46,0.51,9.8,-20.7,6.00,965.54,276.00,74.95
22,"Maven Toys Guanajuato 2","Guanajuato","Commercial",13,"Gamer Headphones","Electronics",14.99,20.99,19,"positive_stock",119,80,0.89,21.4,-32.8,6.00,1679.20,480.00,284.81
23,"Maven Toys Chihuahua 1","Chihuahua","Commercial",13,"Gamer Headphones","Electronics",14.99,20.99,31,"positive_stock",105,85,0.94,32.8,-19.0,6.00,1784.15,510.00,464.69
24,"Maven Toys Aguascalientes 1","Aguascalientes","Downtown",13,"Gamer Headphones","Electronics",14.99,20.99,10,"positive_stock",30,43,0.48,20.9,43.3,6.00,902.57,258.00,149.90
25,"Maven Toys Ciudad Victoria 1","Ciudad Victoria","Downtown",13,"Gamer Headphones","Electronics",14.99,20.99,23,"positive_stock",70,129,1.43,16.0,84.3,6.00,2707.71,774.00,344.77
26,"Maven Toys Campeche 2","Campeche","Commercial",13,"Gamer Headphones","Electronics",14.99,20.99,20,"positive_stock",64,56,0.62,32.1,-12.5,6.00,1175.44,336.00,299.80
27,"Maven Toys Oaxaca 1","Oaxaca","Downtown",13,"Gamer Headphones","Electronics",14.99,20.99,10,"positive_stock",27,26,0.29,34.6,-3.7,6.00,545.74,156.00,149.90
28,"Maven Toys Puebla 2","Puebla","Downtown",13,"Gamer Headphones","Electronics",14.99,20.99,2,"positive_stock",43,82,0.91,2.2,90.7,6.00,1721.18,492.00,29.98
29,"Maven Toys Xalapa 1","Xalapa","Commercial",13,"Gamer Headphones","Electronics",14.99,20.99,5,"positive_stock",99,159,1.77,2.8,60.6,6.00,3337.41,954.00,74.95
30,"Maven Toys Guadalajara 3","Guadalajara","Airport",13,"Gamer Headphones","Electronics",14.99,20.99,18,"positive_stock",64,28,0.31,57.9,-56.3,6.00,587.72,168.00,269.82
31,"Maven Toys Ciudad de Mexico 2","Ciudad de Mexico","Airport",13,"Gamer Headphones","Electronics",14.99,20.99,19,"positive_stock",193,135,1.50,12.7,-30.1,6.00,2833.65,810.00,284.81
32,"Maven Toys Hermosillo 1","Hermosillo","Residential",13,"Gamer Headphones","Electronics",14.99,20.99,13,"positive_stock",106,48,0.53,24.4,-54.7,6.00,1007.52,288.00,194.87
33,"Maven Toys Monterrey 3","Monterrey","Airport",13,"Gamer Headphones","Electronics",14.99,20.99,0,"confirmed_zero_stock",83,127,1.41,0.0,53.0,6.00,2665.73,762.00,0.00
34,"Maven Toys Villahermosa 1","Villahermosa","Downtown",13,"Gamer Headphones","Electronics",14.99,20.99,3,"positive_stock",119,62,0.69,4.4,-47.9,6.00,1301.38,372.00,44.97
35,"Maven Toys Chilpancingo 1","Chilpancingo","Downtown",13,"Gamer Headphones","Electronics",14.99,20.99,3,"positive_stock",20,15,0.17,18.0,-25.0,6.00,314.85,90.00,44.97
36,"Maven Toys Morelia 1","Morelia","Downtown",13,"Gamer Headphones","Electronics",14.99,20.99,18,"positive_stock",101,131,1.46,12.4,29.7,6.00,2749.69,786.00,269.82
37,"Maven Toys Ciudad de Mexico 3","Ciudad de Mexico","Residential",13,"Gamer Headphones","Electronics",14.99,20.99,21,"positive_stock",29,33,0.37,57.3,13.8,6.00,692.67,198.00,314.79
38,"Maven Toys Chihuahua 2","Chihuahua","Downtown",13,"Gamer Headphones","Electronics",14.99,20.99,21,"positive_stock",33,8,0.09,236.3,-75.8,6.00,167.92,48.00,314.79
39,"Maven Toys Xalapa 2","Xalapa","Downtown",13,"Gamer Headphones","Electronics",14.99,20.99,15,"positive_stock",7,7,0.08,192.9,0.0,6.00,146.93,42.00,224.85
40,"Maven Toys Toluca 2","Toluca","Commercial",13,"Gamer Headphones","Electronics",14.99,20.99,2,"positive_stock",7,17,0.19,10.6,142.9,6.00,356.83,102.00,29.98
41,"Maven Toys Hermosillo 2","Hermosillo","Downtown",13,"Gamer Headphones","Electronics",14.99,20.99,6,"positive_stock",116,159,1.77,3.4,37.1,6.00,3337.41,954.00,89.94
42,"Maven Toys Hermosillo 3","Hermosillo","Commercial",13,"Gamer Headphones","Electronics",14.99,20.99,7,"positive_stock",30,43,0.48,14.7,43.3,6.00,902.57,258.00,104.93
43,"Maven Toys Durango 1","Durango","Downtown",13,"Gamer Headphones","Electronics",14.99,20.99,12,"positive_stock",163,81,0.90,13.3,-50.3,6.00,1700.19,486.00,179.88
44,"Maven Toys Puebla 3","Puebla","Residential",13,"Gamer Headphones","Electronics",14.99,20.99,NULL,"inventory_record_missing",0,0,0.00,NULL,NULL,6.00,0.00,0.00,NULL
45,"Maven Toys Ciudad de Mexico 4","Ciudad de Mexico","Commercial",13,"Gamer Headphones","Electronics",14.99,20.99,15,"positive_stock",33,51,0.57,26.5,54.5,6.00,1070.49,306.00,224.85
46,"Maven Toys Guadalajara 4","Guadalajara","Downtown",13,"Gamer Headphones","Electronics",14.99,20.99,6,"positive_stock",64,21,0.23,25.7,-67.2,6.00,440.79,126.00,89.94
47,"Maven Toys Monterrey 4","Monterrey","Commercial",13,"Gamer Headphones","Electronics",14.99,20.99,15,"positive_stock",129,43,0.48,31.4,-66.7,6.00,902.57,258.00,224.85
48,"Maven Toys Saltillo 2","Saltillo","Commercial",13,"Gamer Headphones","Electronics",14.99,20.99,56,"positive_stock",69,79,0.88,63.8,14.5,6.00,1658.21,474.00,839.44
49,"Maven Toys Culiacan 1","Culiacan","Downtown",13,"Gamer Headphones","Electronics",14.99,20.99,18,"positive_stock",42,66,0.73,24.5,57.1,6.00,1385.34,396.00,269.82
50,"Maven Toys Guanajuato 3","Guanajuato","Residential",13,"Gamer Headphones","Electronics",14.99,20.99,15,"positive_stock",27,49,0.54,27.6,81.5,6.00,1028.51,294.00,224.85
1,"Maven Toys Guadalajara 1","Guadalajara","Residential",14,"Glass Marbles","Games",5.99,10.99,3,"positive_stock",95,18,0.20,15.0,-81.1,5.00,197.82,90.00,17.97
2,"Maven Toys Monterrey 1","Monterrey","Residential",14,"Glass Marbles","Games",5.99,10.99,21,"positive_stock",12,86,0.96,22.0,616.7,5.00,945.14,430.00,125.79
3,"Maven Toys Guadalajara 2","Guadalajara","Commercial",14,"Glass Marbles","Games",5.99,10.99,4,"positive_stock",75,123,1.37,2.9,64.0,5.00,1351.77,615.00,23.96
4,"Maven Toys Saltillo 1","Saltillo","Downtown",14,"Glass Marbles","Games",5.99,10.99,4,"positive_stock",54,88,0.98,4.1,63.0,5.00,967.12,440.00,23.96
5,"Maven Toys La Paz 1","La Paz","Downtown",14,"Glass Marbles","Games",5.99,10.99,14,"positive_stock",20,75,0.83,16.8,275.0,5.00,824.25,375.00,83.86
6,"Maven Toys Mexicali 1","Mexicali","Commercial",14,"Glass Marbles","Games",5.99,10.99,11,"positive_stock",143,11,0.12,90.0,-92.3,5.00,120.89,55.00,65.89
7,"Maven Toys Monterrey 2","Monterrey","Downtown",14,"Glass Marbles","Games",5.99,10.99,3,"positive_stock",97,121,1.34,2.2,24.7,5.00,1329.79,605.00,17.97
8,"Maven Toys Pachuca 1","Pachuca","Downtown",14,"Glass Marbles","Games",5.99,10.99,0,"confirmed_zero_stock",34,44,0.49,0.0,29.4,5.00,483.56,220.00,0.00
9,"Maven Toys Ciudad de Mexico 1","Ciudad de Mexico","Downtown",14,"Glass Marbles","Games",5.99,10.99,11,"positive_stock",32,77,0.86,12.9,140.6,5.00,846.23,385.00,65.89
10,"Maven Toys Campeche 1","Campeche","Downtown",14,"Glass Marbles","Games",5.99,10.99,4,"positive_stock",73,73,0.81,4.9,0.0,5.00,802.27,365.00,23.96
11,"Maven Toys Cuernavaca 1","Cuernavaca","Downtown",14,"Glass Marbles","Games",5.99,10.99,18,"positive_stock",42,46,0.51,35.2,9.5,5.00,505.54,230.00,107.82
12,"Maven Toys Chetumal 1","Chetumal","Downtown",14,"Glass Marbles","Games",5.99,10.99,13,"positive_stock",24,26,0.29,45.0,8.3,5.00,285.74,130.00,77.87
13,"Maven Toys Mexicali 2","Mexicali","Downtown",14,"Glass Marbles","Games",5.99,10.99,21,"positive_stock",62,112,1.24,16.9,80.6,5.00,1230.88,560.00,125.79
14,"Maven Toys Guanajuato 1","Guanajuato","Downtown",14,"Glass Marbles","Games",5.99,10.99,4,"positive_stock",112,135,1.50,2.7,20.5,5.00,1483.65,675.00,23.96
15,"Maven Toys Tuxtla Gutierrez 1","Tuxtla Gutierrez","Downtown",14,"Glass Marbles","Games",5.99,10.99,20,"positive_stock",81,53,0.59,34.0,-34.6,5.00,582.47,265.00,119.80
16,"Maven Toys San Luis Potosi 1","San Luis Potosi","Downtown",14,"Glass Marbles","Games",5.99,10.99,19,"positive_stock",47,28,0.31,61.1,-40.4,5.00,307.72,140.00,113.81
17,"Maven Toys Toluca 1","Toluca","Downtown",14,"Glass Marbles","Games",5.99,10.99,4,"positive_stock",81,87,0.97,4.1,7.4,5.00,956.13,435.00,23.96
18,"Maven Toys Merida 1","Merida","Downtown",14,"Glass Marbles","Games",5.99,10.99,67,"positive_stock",23,65,0.72,92.8,182.6,5.00,714.35,325.00,401.33
19,"Maven Toys Puebla 1","Puebla","Commercial",14,"Glass Marbles","Games",5.99,10.99,4,"positive_stock",86,84,0.93,4.3,-2.3,5.00,923.16,420.00,23.96
20,"Maven Toys Zacatecas 1","Zacatecas","Downtown",14,"Glass Marbles","Games",5.99,10.99,6,"positive_stock",142,179,1.99,3.0,26.1,5.00,1967.21,895.00,35.94
21,"Maven Toys Santiago 1","Santiago","Downtown",14,"Glass Marbles","Games",5.99,10.99,4,"positive_stock",37,38,0.42,9.5,2.7,5.00,417.62,190.00,23.96
22,"Maven Toys Guanajuato 2","Guanajuato","Commercial",14,"Glass Marbles","Games",5.99,10.99,5,"positive_stock",14,40,0.44,11.3,185.7,5.00,439.60,200.00,29.95
23,"Maven Toys Chihuahua 1","Chihuahua","Commercial",14,"Glass Marbles","Games",5.99,10.99,7,"positive_stock",14,53,0.59,11.9,278.6,5.00,582.47,265.00,41.93
24,"Maven Toys Aguascalientes 1","Aguascalientes","Downtown",14,"Glass Marbles","Games",5.99,10.99,36,"positive_stock",17,130,1.44,24.9,664.7,5.00,1428.70,650.00,215.64
25,"Maven Toys Ciudad Victoria 1","Ciudad Victoria","Downtown",14,"Glass Marbles","Games",5.99,10.99,20,"positive_stock",18,13,0.14,138.5,-27.8,5.00,142.87,65.00,119.80
26,"Maven Toys Campeche 2","Campeche","Commercial",14,"Glass Marbles","Games",5.99,10.99,2,"positive_stock",33,12,0.13,15.0,-63.6,5.00,131.88,60.00,11.98
27,"Maven Toys Oaxaca 1","Oaxaca","Downtown",14,"Glass Marbles","Games",5.99,10.99,21,"positive_stock",52,8,0.09,236.3,-84.6,5.00,87.92,40.00,125.79
28,"Maven Toys Puebla 2","Puebla","Downtown",14,"Glass Marbles","Games",5.99,10.99,17,"positive_stock",44,34,0.38,45.0,-22.7,5.00,373.66,170.00,101.83
29,"Maven Toys Xalapa 1","Xalapa","Commercial",14,"Glass Marbles","Games",5.99,10.99,5,"positive_stock",115,25,0.28,18.0,-78.3,5.00,274.75,125.00,29.95
30,"Maven Toys Guadalajara 3","Guadalajara","Airport",14,"Glass Marbles","Games",5.99,10.99,10,"positive_stock",163,123,1.37,7.3,-24.5,5.00,1351.77,615.00,59.90
31,"Maven Toys Ciudad de Mexico 2","Ciudad de Mexico","Airport",14,"Glass Marbles","Games",5.99,10.99,9,"positive_stock",334,56,0.62,14.5,-83.2,5.00,615.44,280.00,53.91
32,"Maven Toys Hermosillo 1","Hermosillo","Residential",14,"Glass Marbles","Games",5.99,10.99,27,"positive_stock",257,40,0.44,60.8,-84.4,5.00,439.60,200.00,161.73
33,"Maven Toys Monterrey 3","Monterrey","Airport",14,"Glass Marbles","Games",5.99,10.99,11,"positive_stock",1540,420,4.67,2.4,-72.7,5.00,4615.80,2100.00,65.89
34,"Maven Toys Villahermosa 1","Villahermosa","Downtown",14,"Glass Marbles","Games",5.99,10.99,5,"positive_stock",40,63,0.70,7.1,57.5,5.00,692.37,315.00,29.95
35,"Maven Toys Chilpancingo 1","Chilpancingo","Downtown",14,"Glass Marbles","Games",5.99,10.99,38,"positive_stock",38,70,0.78,48.9,84.2,5.00,769.30,350.00,227.62
36,"Maven Toys Morelia 1","Morelia","Downtown",14,"Glass Marbles","Games",5.99,10.99,110,"positive_stock",284,42,0.47,235.7,-85.2,5.00,461.58,210.00,658.90
37,"Maven Toys Ciudad de Mexico 3","Ciudad de Mexico","Residential",14,"Glass Marbles","Games",5.99,10.99,5,"positive_stock",115,77,0.86,5.8,-33.0,5.00,846.23,385.00,29.95
38,"Maven Toys Chihuahua 2","Chihuahua","Downtown",14,"Glass Marbles","Games",5.99,10.99,7,"positive_stock",70,44,0.49,14.3,-37.1,5.00,483.56,220.00,41.93
39,"Maven Toys Xalapa 2","Xalapa","Downtown",14,"Glass Marbles","Games",5.99,10.99,12,"positive_stock",84,140,1.56,7.7,66.7,5.00,1538.60,700.00,71.88
40,"Maven Toys Toluca 2","Toluca","Commercial",14,"Glass Marbles","Games",5.99,10.99,13,"positive_stock",104,24,0.27,48.8,-76.9,5.00,263.76,120.00,77.87
41,"Maven Toys Hermosillo 2","Hermosillo","Downtown",14,"Glass Marbles","Games",5.99,10.99,6,"positive_stock",69,43,0.48,12.6,-37.7,5.00,472.57,215.00,35.94
42,"Maven Toys Hermosillo 3","Hermosillo","Commercial",14,"Glass Marbles","Games",5.99,10.99,13,"positive_stock",16,70,0.78,16.7,337.5,5.00,769.30,350.00,77.87
43,"Maven Toys Durango 1","Durango","Downtown",14,"Glass Marbles","Games",5.99,10.99,16,"positive_stock",75,18,0.20,80.0,-76.0,5.00,197.82,90.00,95.84
44,"Maven Toys Puebla 3","Puebla","Residential",14,"Glass Marbles","Games",5.99,10.99,7,"positive_stock",76,80,0.89,7.9,5.3,5.00,879.20,400.00,41.93
45,"Maven Toys Ciudad de Mexico 4","Ciudad de Mexico","Commercial",14,"Glass Marbles","Games",5.99,10.99,18,"positive_stock",61,68,0.76,23.8,11.5,5.00,747.32,340.00,107.82
46,"Maven Toys Guadalajara 4","Guadalajara","Downtown",14,"Glass Marbles","Games",5.99,10.99,29,"positive_stock",281,73,0.81,35.8,-74.0,5.00,802.27,365.00,173.71
47,"Maven Toys Monterrey 4","Monterrey","Commercial",14,"Glass Marbles","Games",5.99,10.99,11,"positive_stock",115,47,0.52,21.1,-59.1,5.00,516.53,235.00,65.89
48,"Maven Toys Saltillo 2","Saltillo","Commercial",14,"Glass Marbles","Games",5.99,10.99,11,"positive_stock",71,184,2.04,5.4,159.2,5.00,2022.16,920.00,65.89
49,"Maven Toys Culiacan 1","Culiacan","Downtown",14,"Glass Marbles","Games",5.99,10.99,37,"positive_stock",118,132,1.47,25.2,11.9,5.00,1450.68,660.00,221.63
50,"Maven Toys Guanajuato 3","Guanajuato","Residential",14,"Glass Marbles","Games",5.99,10.99,32,"positive_stock",63,67,0.74,43.0,6.3,5.00,736.33,335.00,191.68
1,"Maven Toys Guadalajara 1","Guadalajara","Residential",15,"Hot Wheels 5-Pack","Toys",3.99,5.99,2,"positive_stock",26,26,0.29,6.9,0.0,2.00,155.74,52.00,7.98
2,"Maven Toys Monterrey 1","Monterrey","Residential",15,"Hot Wheels 5-Pack","Toys",3.99,5.99,20,"positive_stock",60,45,0.50,40.0,-25.0,2.00,269.55,90.00,79.80
3,"Maven Toys Guadalajara 2","Guadalajara","Commercial",15,"Hot Wheels 5-Pack","Toys",3.99,5.99,0,"confirmed_zero_stock",34,98,1.09,0.0,188.2,2.00,587.02,196.00,0.00
4,"Maven Toys Saltillo 1","Saltillo","Downtown",15,"Hot Wheels 5-Pack","Toys",3.99,5.99,9,"positive_stock",99,63,0.70,12.9,-36.4,2.00,377.37,126.00,35.91
5,"Maven Toys La Paz 1","La Paz","Downtown",15,"Hot Wheels 5-Pack","Toys",3.99,5.99,0,"confirmed_zero_stock",110,61,0.68,0.0,-44.5,2.00,365.39,122.00,0.00
6,"Maven Toys Mexicali 1","Mexicali","Commercial",15,"Hot Wheels 5-Pack","Toys",3.99,5.99,11,"positive_stock",62,51,0.57,19.4,-17.7,2.00,305.49,102.00,43.89
7,"Maven Toys Monterrey 2","Monterrey","Downtown",15,"Hot Wheels 5-Pack","Toys",3.99,5.99,3,"positive_stock",270,204,2.27,1.3,-24.4,2.00,1221.96,408.00,11.97
8,"Maven Toys Pachuca 1","Pachuca","Downtown",15,"Hot Wheels 5-Pack","Toys",3.99,5.99,0,"confirmed_zero_stock",0,36,0.40,0.0,NULL,2.00,215.64,72.00,0.00
9,"Maven Toys Ciudad de Mexico 1","Ciudad de Mexico","Downtown",15,"Hot Wheels 5-Pack","Toys",3.99,5.99,9,"positive_stock",101,154,1.71,5.3,52.5,2.00,922.46,308.00,35.91
10,"Maven Toys Campeche 1","Campeche","Downtown",15,"Hot Wheels 5-Pack","Toys",3.99,5.99,13,"positive_stock",158,30,0.33,39.0,-81.0,2.00,179.70,60.00,51.87
11,"Maven Toys Cuernavaca 1","Cuernavaca","Downtown",15,"Hot Wheels 5-Pack","Toys",3.99,5.99,7,"positive_stock",85,60,0.67,10.5,-29.4,2.00,359.40,120.00,27.93
12,"Maven Toys Chetumal 1","Chetumal","Downtown",15,"Hot Wheels 5-Pack","Toys",3.99,5.99,11,"positive_stock",28,96,1.07,10.3,242.9,2.00,575.04,192.00,43.89
13,"Maven Toys Mexicali 2","Mexicali","Downtown",15,"Hot Wheels 5-Pack","Toys",3.99,5.99,27,"positive_stock",92,63,0.70,38.6,-31.5,2.00,377.37,126.00,107.73
14,"Maven Toys Guanajuato 1","Guanajuato","Downtown",15,"Hot Wheels 5-Pack","Toys",3.99,5.99,0,"confirmed_zero_stock",35,29,0.32,0.0,-17.1,2.00,173.71,58.00,0.00
15,"Maven Toys Tuxtla Gutierrez 1","Tuxtla Gutierrez","Downtown",15,"Hot Wheels 5-Pack","Toys",3.99,5.99,2,"positive_stock",33,46,0.51,3.9,39.4,2.00,275.54,92.00,7.98
16,"Maven Toys San Luis Potosi 1","San Luis Potosi","Downtown",15,"Hot Wheels 5-Pack","Toys",3.99,5.99,1,"positive_stock",77,48,0.53,1.9,-37.7,2.00,287.52,96.00,3.99
17,"Maven Toys Toluca 1","Toluca","Downtown",15,"Hot Wheels 5-Pack","Toys",3.99,5.99,11,"positive_stock",27,47,0.52,21.1,74.1,2.00,281.53,94.00,43.89
18,"Maven Toys Merida 1","Merida","Downtown",15,"Hot Wheels 5-Pack","Toys",3.99,5.99,5,"positive_stock",159,84,0.93,5.4,-47.2,2.00,503.16,168.00,19.95
19,"Maven Toys Puebla 1","Puebla","Commercial",15,"Hot Wheels 5-Pack","Toys",3.99,5.99,0,"confirmed_zero_stock",91,113,1.26,0.0,24.2,2.00,676.87,226.00,0.00
20,"Maven Toys Zacatecas 1","Zacatecas","Downtown",15,"Hot Wheels 5-Pack","Toys",3.99,5.99,36,"positive_stock",71,36,0.40,90.0,-49.3,2.00,215.64,72.00,143.64
21,"Maven Toys Santiago 1","Santiago","Downtown",15,"Hot Wheels 5-Pack","Toys",3.99,5.99,9,"positive_stock",52,29,0.32,27.9,-44.2,2.00,173.71,58.00,35.91
22,"Maven Toys Guanajuato 2","Guanajuato","Commercial",15,"Hot Wheels 5-Pack","Toys",3.99,5.99,0,"confirmed_zero_stock",53,115,1.28,0.0,117.0,2.00,688.85,230.00,0.00
23,"Maven Toys Chihuahua 1","Chihuahua","Commercial",15,"Hot Wheels 5-Pack","Toys",3.99,5.99,14,"positive_stock",57,27,0.30,46.7,-52.6,2.00,161.73,54.00,55.86
24,"Maven Toys Aguascalientes 1","Aguascalientes","Downtown",15,"Hot Wheels 5-Pack","Toys",3.99,5.99,0,"confirmed_zero_stock",0,38,0.42,0.0,NULL,2.00,227.62,76.00,0.00
25,"Maven Toys Ciudad Victoria 1","Ciudad Victoria","Downtown",15,"Hot Wheels 5-Pack","Toys",3.99,5.99,13,"positive_stock",186,79,0.88,14.8,-57.5,2.00,473.21,158.00,51.87
26,"Maven Toys Campeche 2","Campeche","Commercial",15,"Hot Wheels 5-Pack","Toys",3.99,5.99,20,"positive_stock",144,69,0.77,26.1,-52.1,2.00,413.31,138.00,79.80
27,"Maven Toys Oaxaca 1","Oaxaca","Downtown",15,"Hot Wheels 5-Pack","Toys",3.99,5.99,3,"positive_stock",38,30,0.33,9.0,-21.1,2.00,179.70,60.00,11.97
28,"Maven Toys Puebla 2","Puebla","Downtown",15,"Hot Wheels 5-Pack","Toys",3.99,5.99,0,"confirmed_zero_stock",86,68,0.76,0.0,-20.9,2.00,407.32,136.00,0.00
29,"Maven Toys Xalapa 1","Xalapa","Commercial",15,"Hot Wheels 5-Pack","Toys",3.99,5.99,18,"positive_stock",205,89,0.99,18.2,-56.6,2.00,533.11,178.00,71.82
30,"Maven Toys Guadalajara 3","Guadalajara","Airport",15,"Hot Wheels 5-Pack","Toys",3.99,5.99,9,"positive_stock",93,99,1.10,8.2,6.5,2.00,593.01,198.00,35.91
31,"Maven Toys Ciudad de Mexico 2","Ciudad de Mexico","Airport",15,"Hot Wheels 5-Pack","Toys",3.99,5.99,4,"positive_stock",123,101,1.12,3.6,-17.9,2.00,604.99,202.00,15.96
32,"Maven Toys Hermosillo 1","Hermosillo","Residential",15,"Hot Wheels 5-Pack","Toys",3.99,5.99,27,"positive_stock",78,147,1.63,16.5,88.5,2.00,880.53,294.00,107.73
33,"Maven Toys Monterrey 3","Monterrey","Airport",15,"Hot Wheels 5-Pack","Toys",3.99,5.99,0,"confirmed_zero_stock",31,98,1.09,0.0,216.1,2.00,587.02,196.00,0.00
34,"Maven Toys Villahermosa 1","Villahermosa","Downtown",15,"Hot Wheels 5-Pack","Toys",3.99,5.99,10,"positive_stock",160,47,0.52,19.1,-70.6,2.00,281.53,94.00,39.90
35,"Maven Toys Chilpancingo 1","Chilpancingo","Downtown",15,"Hot Wheels 5-Pack","Toys",3.99,5.99,0,"confirmed_zero_stock",43,102,1.13,0.0,137.2,2.00,610.98,204.00,0.00
36,"Maven Toys Morelia 1","Morelia","Downtown",15,"Hot Wheels 5-Pack","Toys",3.99,5.99,2,"positive_stock",36,138,1.53,1.3,283.3,2.00,826.62,276.00,7.98
37,"Maven Toys Ciudad de Mexico 3","Ciudad de Mexico","Residential",15,"Hot Wheels 5-Pack","Toys",3.99,5.99,4,"positive_stock",44,71,0.79,5.1,61.4,2.00,425.29,142.00,15.96
38,"Maven Toys Chihuahua 2","Chihuahua","Downtown",15,"Hot Wheels 5-Pack","Toys",3.99,5.99,5,"positive_stock",55,48,0.53,9.4,-12.7,2.00,287.52,96.00,19.95
39,"Maven Toys Xalapa 2","Xalapa","Downtown",15,"Hot Wheels 5-Pack","Toys",3.99,5.99,0,"confirmed_zero_stock",25,143,1.59,0.0,472.0,2.00,856.57,286.00,0.00
40,"Maven Toys Toluca 2","Toluca","Commercial",15,"Hot Wheels 5-Pack","Toys",3.99,5.99,1,"positive_stock",11,92,1.02,1.0,736.4,2.00,551.08,184.00,3.99
41,"Maven Toys Hermosillo 2","Hermosillo","Downtown",15,"Hot Wheels 5-Pack","Toys",3.99,5.99,6,"positive_stock",29,143,1.59,3.8,393.1,2.00,856.57,286.00,23.94
42,"Maven Toys Hermosillo 3","Hermosillo","Commercial",15,"Hot Wheels 5-Pack","Toys",3.99,5.99,3,"positive_stock",36,47,0.52,5.7,30.6,2.00,281.53,94.00,11.97
43,"Maven Toys Durango 1","Durango","Downtown",15,"Hot Wheels 5-Pack","Toys",3.99,5.99,10,"positive_stock",32,81,0.90,11.1,153.1,2.00,485.19,162.00,39.90
44,"Maven Toys Puebla 3","Puebla","Residential",15,"Hot Wheels 5-Pack","Toys",3.99,5.99,4,"positive_stock",48,85,0.94,4.2,77.1,2.00,509.15,170.00,15.96
45,"Maven Toys Ciudad de Mexico 4","Ciudad de Mexico","Commercial",15,"Hot Wheels 5-Pack","Toys",3.99,5.99,19,"positive_stock",160,107,1.19,16.0,-33.1,2.00,640.93,214.00,75.81
46,"Maven Toys Guadalajara 4","Guadalajara","Downtown",15,"Hot Wheels 5-Pack","Toys",3.99,5.99,6,"positive_stock",76,92,1.02,5.9,21.1,2.00,551.08,184.00,23.94
47,"Maven Toys Monterrey 4","Monterrey","Commercial",15,"Hot Wheels 5-Pack","Toys",3.99,5.99,3,"positive_stock",55,80,0.89,3.4,45.5,2.00,479.20,160.00,11.97
48,"Maven Toys Saltillo 2","Saltillo","Commercial",15,"Hot Wheels 5-Pack","Toys",3.99,5.99,3,"positive_stock",33,72,0.80,3.8,118.2,2.00,431.28,144.00,11.97
49,"Maven Toys Culiacan 1","Culiacan","Downtown",15,"Hot Wheels 5-Pack","Toys",3.99,5.99,0,"confirmed_zero_stock",55,163,1.81,0.0,196.4,2.00,976.37,326.00,0.00
50,"Maven Toys Guanajuato 3","Guanajuato","Residential",15,"Hot Wheels 5-Pack","Toys",3.99,5.99,16,"positive_stock",62,87,0.97,16.6,40.3,2.00,521.13,174.00,63.84
1,"Maven Toys Guadalajara 1","Guadalajara","Residential",16,"Jenga","Games",2.99,9.99,8,"positive_stock",4,7,0.08,102.9,75.0,7.00,69.93,49.00,23.92
2,"Maven Toys Monterrey 1","Monterrey","Residential",16,"Jenga","Games",2.99,9.99,NULL,"inventory_record_missing",0,23,0.26,NULL,NULL,7.00,229.77,161.00,NULL
3,"Maven Toys Guadalajara 2","Guadalajara","Commercial",16,"Jenga","Games",2.99,9.99,NULL,"inventory_record_missing",21,23,0.26,NULL,9.5,7.00,229.77,161.00,NULL
4,"Maven Toys Saltillo 1","Saltillo","Downtown",16,"Jenga","Games",2.99,9.99,8,"positive_stock",43,11,0.12,65.5,-74.4,7.00,109.89,77.00,23.92
5,"Maven Toys La Paz 1","La Paz","Downtown",16,"Jenga","Games",2.99,9.99,NULL,"inventory_record_missing",5,13,0.14,NULL,160.0,7.00,129.87,91.00,NULL
6,"Maven Toys Mexicali 1","Mexicali","Commercial",16,"Jenga","Games",2.99,9.99,10,"positive_stock",0,0,0.00,NULL,NULL,7.00,0.00,0.00,29.90
7,"Maven Toys Monterrey 2","Monterrey","Downtown",16,"Jenga","Games",2.99,9.99,6,"positive_stock",34,19,0.21,28.4,-44.1,7.00,189.81,133.00,17.94
8,"Maven Toys Pachuca 1","Pachuca","Downtown",16,"Jenga","Games",2.99,9.99,8,"positive_stock",20,9,0.10,80.0,-55.0,7.00,89.91,63.00,23.92
9,"Maven Toys Ciudad de Mexico 1","Ciudad de Mexico","Downtown",16,"Jenga","Games",2.99,9.99,5,"positive_stock",106,14,0.16,32.1,-86.8,7.00,139.86,98.00,14.95
10,"Maven Toys Campeche 1","Campeche","Downtown",16,"Jenga","Games",2.99,9.99,1,"positive_stock",19,15,0.17,6.0,-21.1,7.00,149.85,105.00,2.99
11,"Maven Toys Cuernavaca 1","Cuernavaca","Downtown",16,"Jenga","Games",2.99,9.99,NULL,"inventory_record_missing",56,8,0.09,NULL,-85.7,7.00,79.92,56.00,NULL
12,"Maven Toys Chetumal 1","Chetumal","Downtown",16,"Jenga","Games",2.99,9.99,14,"positive_stock",64,24,0.27,52.5,-62.5,7.00,239.76,168.00,41.86
13,"Maven Toys Mexicali 2","Mexicali","Downtown",16,"Jenga","Games",2.99,9.99,NULL,"inventory_record_missing",79,10,0.11,NULL,-87.3,7.00,99.90,70.00,NULL
14,"Maven Toys Guanajuato 1","Guanajuato","Downtown",16,"Jenga","Games",2.99,9.99,NULL,"inventory_record_missing",17,1,0.01,NULL,-94.1,7.00,9.99,7.00,NULL
15,"Maven Toys Tuxtla Gutierrez 1","Tuxtla Gutierrez","Downtown",16,"Jenga","Games",2.99,9.99,NULL,"inventory_record_missing",44,20,0.22,NULL,-54.5,7.00,199.80,140.00,NULL
16,"Maven Toys San Luis Potosi 1","San Luis Potosi","Downtown",16,"Jenga","Games",2.99,9.99,14,"positive_stock",30,39,0.43,32.3,30.0,7.00,389.61,273.00,41.86
17,"Maven Toys Toluca 1","Toluca","Downtown",16,"Jenga","Games",2.99,9.99,NULL,"inventory_record_missing",90,34,0.38,NULL,-62.2,7.00,339.66,238.00,NULL
18,"Maven Toys Merida 1","Merida","Downtown",16,"Jenga","Games",2.99,9.99,10,"positive_stock",52,14,0.16,64.3,-73.1,7.00,139.86,98.00,29.90
19,"Maven Toys Puebla 1","Puebla","Commercial",16,"Jenga","Games",2.99,9.99,2,"positive_stock",40,12,0.13,15.0,-70.0,7.00,119.88,84.00,5.98
20,"Maven Toys Zacatecas 1","Zacatecas","Downtown",16,"Jenga","Games",2.99,9.99,NULL,"inventory_record_missing",12,12,0.13,NULL,0.0,7.00,119.88,84.00,NULL
21,"Maven Toys Santiago 1","Santiago","Downtown",16,"Jenga","Games",2.99,9.99,NULL,"inventory_record_missing",38,21,0.23,NULL,-44.7,7.00,209.79,147.00,NULL
22,"Maven Toys Guanajuato 2","Guanajuato","Commercial",16,"Jenga","Games",2.99,9.99,3,"positive_stock",88,12,0.13,22.5,-86.4,7.00,119.88,84.00,8.97
23,"Maven Toys Chihuahua 1","Chihuahua","Commercial",16,"Jenga","Games",2.99,9.99,7,"positive_stock",31,9,0.10,70.0,-71.0,7.00,89.91,63.00,20.93
24,"Maven Toys Aguascalientes 1","Aguascalientes","Downtown",16,"Jenga","Games",2.99,9.99,3,"positive_stock",31,2,0.02,135.0,-93.5,7.00,19.98,14.00,8.97
25,"Maven Toys Ciudad Victoria 1","Ciudad Victoria","Downtown",16,"Jenga","Games",2.99,9.99,NULL,"inventory_record_missing",69,11,0.12,NULL,-84.1,7.00,109.89,77.00,NULL
26,"Maven Toys Campeche 2","Campeche","Commercial",16,"Jenga","Games",2.99,9.99,20,"positive_stock",47,34,0.38,52.9,-27.7,7.00,339.66,238.00,59.80
27,"Maven Toys Oaxaca 1","Oaxaca","Downtown",16,"Jenga","Games",2.99,9.99,NULL,"inventory_record_missing",24,5,0.06,NULL,-79.2,7.00,49.95,35.00,NULL
28,"Maven Toys Puebla 2","Puebla","Downtown",16,"Jenga","Games",2.99,9.99,NULL,"inventory_record_missing",82,30,0.33,NULL,-63.4,7.00,299.70,210.00,NULL
29,"Maven Toys Xalapa 1","Xalapa","Commercial",16,"Jenga","Games",2.99,9.99,NULL,"inventory_record_missing",56,4,0.04,NULL,-92.9,7.00,39.96,28.00,NULL
30,"Maven Toys Guadalajara 3","Guadalajara","Airport",16,"Jenga","Games",2.99,9.99,NULL,"inventory_record_missing",41,7,0.08,NULL,-82.9,7.00,69.93,49.00,NULL
31,"Maven Toys Ciudad de Mexico 2","Ciudad de Mexico","Airport",16,"Jenga","Games",2.99,9.99,NULL,"inventory_record_missing",129,40,0.44,NULL,-69.0,7.00,399.60,280.00,NULL
32,"Maven Toys Hermosillo 1","Hermosillo","Residential",16,"Jenga","Games",2.99,9.99,NULL,"inventory_record_missing",40,0,0.00,NULL,-100.0,7.00,0.00,0.00,NULL
33,"Maven Toys Monterrey 3","Monterrey","Airport",16,"Jenga","Games",2.99,9.99,5,"positive_stock",8,12,0.13,37.5,50.0,7.00,119.88,84.00,14.95
34,"Maven Toys Villahermosa 1","Villahermosa","Downtown",16,"Jenga","Games",2.99,9.99,7,"positive_stock",28,22,0.24,28.6,-21.4,7.00,219.78,154.00,20.93
35,"Maven Toys Chilpancingo 1","Chilpancingo","Downtown",16,"Jenga","Games",2.99,9.99,NULL,"inventory_record_missing",43,4,0.04,NULL,-90.7,7.00,39.96,28.00,NULL
36,"Maven Toys Morelia 1","Morelia","Downtown",16,"Jenga","Games",2.99,9.99,7,"positive_stock",54,12,0.13,52.5,-77.8,7.00,119.88,84.00,20.93
37,"Maven Toys Ciudad de Mexico 3","Ciudad de Mexico","Residential",16,"Jenga","Games",2.99,9.99,6,"positive_stock",43,14,0.16,38.6,-67.4,7.00,139.86,98.00,17.94
38,"Maven Toys Chihuahua 2","Chihuahua","Downtown",16,"Jenga","Games",2.99,9.99,6,"positive_stock",54,49,0.54,11.0,-9.3,7.00,489.51,343.00,17.94
39,"Maven Toys Xalapa 2","Xalapa","Downtown",16,"Jenga","Games",2.99,9.99,NULL,"inventory_record_missing",56,17,0.19,NULL,-69.6,7.00,169.83,119.00,NULL
40,"Maven Toys Toluca 2","Toluca","Commercial",16,"Jenga","Games",2.99,9.99,NULL,"inventory_record_missing",27,14,0.16,NULL,-48.1,7.00,139.86,98.00,NULL
41,"Maven Toys Hermosillo 2","Hermosillo","Downtown",16,"Jenga","Games",2.99,9.99,17,"positive_stock",22,31,0.34,49.4,40.9,7.00,309.69,217.00,50.83
42,"Maven Toys Hermosillo 3","Hermosillo","Commercial",16,"Jenga","Games",2.99,9.99,0,"confirmed_zero_stock",48,8,0.09,0.0,-83.3,7.00,79.92,56.00,0.00
43,"Maven Toys Durango 1","Durango","Downtown",16,"Jenga","Games",2.99,9.99,NULL,"inventory_record_missing",47,9,0.10,NULL,-80.9,7.00,89.91,63.00,NULL
44,"Maven Toys Puebla 3","Puebla","Residential",16,"Jenga","Games",2.99,9.99,3,"positive_stock",0,0,0.00,NULL,NULL,7.00,0.00,0.00,8.97
45,"Maven Toys Ciudad de Mexico 4","Ciudad de Mexico","Commercial",16,"Jenga","Games",2.99,9.99,NULL,"inventory_record_missing",9,11,0.12,NULL,22.2,7.00,109.89,77.00,NULL
46,"Maven Toys Guadalajara 4","Guadalajara","Downtown",16,"Jenga","Games",2.99,9.99,NULL,"inventory_record_missing",37,23,0.26,NULL,-37.8,7.00,229.77,161.00,NULL
47,"Maven Toys Monterrey 4","Monterrey","Commercial",16,"Jenga","Games",2.99,9.99,NULL,"inventory_record_missing",25,31,0.34,NULL,24.0,7.00,309.69,217.00,NULL
48,"Maven Toys Saltillo 2","Saltillo","Commercial",16,"Jenga","Games",2.99,9.99,5,"positive_stock",65,13,0.14,34.6,-80.0,7.00,129.87,91.00,14.95
49,"Maven Toys Culiacan 1","Culiacan","Downtown",16,"Jenga","Games",2.99,9.99,1,"positive_stock",64,26,0.29,3.5,-59.4,7.00,259.74,182.00,2.99
50,"Maven Toys Guanajuato 3","Guanajuato","Residential",16,"Jenga","Games",2.99,9.99,5,"positive_stock",43,8,0.09,56.3,-81.4,7.00,79.92,56.00,14.95
1,"Maven Toys Guadalajara 1","Guadalajara","Residential",17,"Kids Makeup Kit","Art & Crafts",13.99,19.99,7,"positive_stock",29,77,0.86,8.2,165.5,6.00,1539.23,462.00,97.93
2,"Maven Toys Monterrey 1","Monterrey","Residential",17,"Kids Makeup Kit","Art & Crafts",13.99,19.99,12,"positive_stock",26,80,0.89,13.5,207.7,6.00,1599.20,480.00,167.88
3,"Maven Toys Guadalajara 2","Guadalajara","Commercial",17,"Kids Makeup Kit","Art & Crafts",13.99,19.99,1,"positive_stock",64,24,0.27,3.8,-62.5,6.00,479.76,144.00,13.99
4,"Maven Toys Saltillo 1","Saltillo","Downtown",17,"Kids Makeup Kit","Art & Crafts",13.99,19.99,2,"positive_stock",58,11,0.12,16.4,-81.0,6.00,219.89,66.00,27.98
5,"Maven Toys La Paz 1","La Paz","Downtown",17,"Kids Makeup Kit","Art & Crafts",13.99,19.99,7,"positive_stock",27,82,0.91,7.7,203.7,6.00,1639.18,492.00,97.93
6,"Maven Toys Mexicali 1","Mexicali","Commercial",17,"Kids Makeup Kit","Art & Crafts",13.99,19.99,22,"positive_stock",44,0,0.00,NULL,-100.0,6.00,0.00,0.00,307.78
7,"Maven Toys Monterrey 2","Monterrey","Downtown",17,"Kids Makeup Kit","Art & Crafts",13.99,19.99,4,"positive_stock",69,101,1.12,3.6,46.4,6.00,2018.99,606.00,55.96
8,"Maven Toys Pachuca 1","Pachuca","Downtown",17,"Kids Makeup Kit","Art & Crafts",13.99,19.99,5,"positive_stock",63,70,0.78,6.4,11.1,6.00,1399.30,420.00,69.95
9,"Maven Toys Ciudad de Mexico 1","Ciudad de Mexico","Downtown",17,"Kids Makeup Kit","Art & Crafts",13.99,19.99,8,"positive_stock",156,53,0.59,13.6,-66.0,6.00,1059.47,318.00,111.92
10,"Maven Toys Campeche 1","Campeche","Downtown",17,"Kids Makeup Kit","Art & Crafts",13.99,19.99,3,"positive_stock",0,34,0.38,7.9,NULL,6.00,679.66,204.00,41.97
11,"Maven Toys Cuernavaca 1","Cuernavaca","Downtown",17,"Kids Makeup Kit","Art & Crafts",13.99,19.99,5,"positive_stock",57,39,0.43,11.5,-31.6,6.00,779.61,234.00,69.95
12,"Maven Toys Chetumal 1","Chetumal","Downtown",17,"Kids Makeup Kit","Art & Crafts",13.99,19.99,5,"positive_stock",18,14,0.16,32.1,-22.2,6.00,279.86,84.00,69.95
13,"Maven Toys Mexicali 2","Mexicali","Downtown",17,"Kids Makeup Kit","Art & Crafts",13.99,19.99,9,"positive_stock",54,64,0.71,12.7,18.5,6.00,1279.36,384.00,125.91
14,"Maven Toys Guanajuato 1","Guanajuato","Downtown",17,"Kids Makeup Kit","Art & Crafts",13.99,19.99,14,"positive_stock",0,37,0.41,34.1,NULL,6.00,739.63,222.00,195.86
15,"Maven Toys Tuxtla Gutierrez 1","Tuxtla Gutierrez","Downtown",17,"Kids Makeup Kit","Art & Crafts",13.99,19.99,24,"positive_stock",0,66,0.73,32.7,NULL,6.00,1319.34,396.00,335.76
16,"Maven Toys San Luis Potosi 1","San Luis Potosi","Downtown",17,"Kids Makeup Kit","Art & Crafts",13.99,19.99,14,"positive_stock",48,23,0.26,54.8,-52.1,6.00,459.77,138.00,195.86
17,"Maven Toys Toluca 1","Toluca","Downtown",17,"Kids Makeup Kit","Art & Crafts",13.99,19.99,27,"positive_stock",112,70,0.78,34.7,-37.5,6.00,1399.30,420.00,377.73
18,"Maven Toys Merida 1","Merida","Downtown",17,"Kids Makeup Kit","Art & Crafts",13.99,19.99,19,"positive_stock",80,123,1.37,13.9,53.8,6.00,2458.77,738.00,265.81
19,"Maven Toys Puebla 1","Puebla","Commercial",17,"Kids Makeup Kit","Art & Crafts",13.99,19.99,5,"positive_stock",58,41,0.46,11.0,-29.3,6.00,819.59,246.00,69.95
20,"Maven Toys Zacatecas 1","Zacatecas","Downtown",17,"Kids Makeup Kit","Art & Crafts",13.99,19.99,23,"positive_stock",139,55,0.61,37.6,-60.4,6.00,1099.45,330.00,321.77
21,"Maven Toys Santiago 1","Santiago","Downtown",17,"Kids Makeup Kit","Art & Crafts",13.99,19.99,4,"positive_stock",30,62,0.69,5.8,106.7,6.00,1239.38,372.00,55.96
22,"Maven Toys Guanajuato 2","Guanajuato","Commercial",17,"Kids Makeup Kit","Art & Crafts",13.99,19.99,10,"positive_stock",36,17,0.19,52.9,-52.8,6.00,339.83,102.00,139.90
23,"Maven Toys Chihuahua 1","Chihuahua","Commercial",17,"Kids Makeup Kit","Art & Crafts",13.99,19.99,9,"positive_stock",68,42,0.47,19.3,-38.2,6.00,839.58,252.00,125.91
24,"Maven Toys Aguascalientes 1","Aguascalientes","Downtown",17,"Kids Makeup Kit","Art & Crafts",13.99,19.99,27,"positive_stock",55,79,0.88,30.8,43.6,6.00,1579.21,474.00,377.73
25,"Maven Toys Ciudad Victoria 1","Ciudad Victoria","Downtown",17,"Kids Makeup Kit","Art & Crafts",13.99,19.99,4,"positive_stock",2,8,0.09,45.0,300.0,6.00,159.92,48.00,55.96
26,"Maven Toys Campeche 2","Campeche","Commercial",17,"Kids Makeup Kit","Art & Crafts",13.99,19.99,6,"positive_stock",28,11,0.12,49.1,-60.7,6.00,219.89,66.00,83.94
27,"Maven Toys Oaxaca 1","Oaxaca","Downtown",17,"Kids Makeup Kit","Art & Crafts",13.99,19.99,2,"positive_stock",24,5,0.06,36.0,-79.2,6.00,99.95,30.00,27.98
28,"Maven Toys Puebla 2","Puebla","Downtown",17,"Kids Makeup Kit","Art & Crafts",13.99,19.99,17,"positive_stock",106,41,0.46,37.3,-61.3,6.00,819.59,246.00,237.83
29,"Maven Toys Xalapa 1","Xalapa","Commercial",17,"Kids Makeup Kit","Art & Crafts",13.99,19.99,25,"positive_stock",10,0,0.00,NULL,-100.0,6.00,0.00,0.00,349.75
30,"Maven Toys Guadalajara 3","Guadalajara","Airport",17,"Kids Makeup Kit","Art & Crafts",13.99,19.99,13,"positive_stock",108,136,1.51,8.6,25.9,6.00,2718.64,816.00,181.87
31,"Maven Toys Ciudad de Mexico 2","Ciudad de Mexico","Airport",17,"Kids Makeup Kit","Art & Crafts",13.99,19.99,19,"positive_stock",144,97,1.08,17.6,-32.6,6.00,1939.03,582.00,265.81
32,"Maven Toys Hermosillo 1","Hermosillo","Residential",17,"Kids Makeup Kit","Art & Crafts",13.99,19.99,8,"positive_stock",39,0,0.00,NULL,-100.0,6.00,0.00,0.00,111.92
33,"Maven Toys Monterrey 3","Monterrey","Airport",17,"Kids Makeup Kit","Art & Crafts",13.99,19.99,2,"positive_stock",125,68,0.76,2.6,-45.6,6.00,1359.32,408.00,27.98
34,"Maven Toys Villahermosa 1","Villahermosa","Downtown",17,"Kids Makeup Kit","Art & Crafts",13.99,19.99,19,"positive_stock",14,40,0.44,42.8,185.7,6.00,799.60,240.00,265.81
35,"Maven Toys Chilpancingo 1","Chilpancingo","Downtown",17,"Kids Makeup Kit","Art & Crafts",13.99,19.99,10,"positive_stock",16,16,0.18,56.3,0.0,6.00,319.84,96.00,139.90
36,"Maven Toys Morelia 1","Morelia","Downtown",17,"Kids Makeup Kit","Art & Crafts",13.99,19.99,12,"positive_stock",14,19,0.21,56.8,35.7,6.00,379.81,114.00,167.88
37,"Maven Toys Ciudad de Mexico 3","Ciudad de Mexico","Residential",17,"Kids Makeup Kit","Art & Crafts",13.99,19.99,7,"positive_stock",237,186,2.07,3.4,-21.5,6.00,3718.14,1116.00,97.93
38,"Maven Toys Chihuahua 2","Chihuahua","Downtown",17,"Kids Makeup Kit","Art & Crafts",13.99,19.99,24,"positive_stock",74,86,0.96,25.1,16.2,6.00,1719.14,516.00,335.76
39,"Maven Toys Xalapa 2","Xalapa","Downtown",17,"Kids Makeup Kit","Art & Crafts",13.99,19.99,35,"positive_stock",217,135,1.50,23.3,-37.8,6.00,2698.65,810.00,489.65
40,"Maven Toys Toluca 2","Toluca","Commercial",17,"Kids Makeup Kit","Art & Crafts",13.99,19.99,19,"positive_stock",121,151,1.68,11.3,24.8,6.00,3018.49,906.00,265.81
41,"Maven Toys Hermosillo 2","Hermosillo","Downtown",17,"Kids Makeup Kit","Art & Crafts",13.99,19.99,3,"positive_stock",193,75,0.83,3.6,-61.1,6.00,1499.25,450.00,41.97
42,"Maven Toys Hermosillo 3","Hermosillo","Commercial",17,"Kids Makeup Kit","Art & Crafts",13.99,19.99,11,"positive_stock",53,38,0.42,26.1,-28.3,6.00,759.62,228.00,153.89
43,"Maven Toys Durango 1","Durango","Downtown",17,"Kids Makeup Kit","Art & Crafts",13.99,19.99,18,"positive_stock",15,54,0.60,30.0,260.0,6.00,1079.46,324.00,251.82
44,"Maven Toys Puebla 3","Puebla","Residential",17,"Kids Makeup Kit","Art & Crafts",13.99,19.99,10,"positive_stock",58,27,0.30,33.3,-53.4,6.00,539.73,162.00,139.90
45,"Maven Toys Ciudad de Mexico 4","Ciudad de Mexico","Commercial",17,"Kids Makeup Kit","Art & Crafts",13.99,19.99,4,"positive_stock",12,56,0.62,6.4,366.7,6.00,1119.44,336.00,55.96
46,"Maven Toys Guadalajara 4","Guadalajara","Downtown",17,"Kids Makeup Kit","Art & Crafts",13.99,19.99,40,"positive_stock",0,0,0.00,NULL,NULL,6.00,0.00,0.00,559.60
47,"Maven Toys Monterrey 4","Monterrey","Commercial",17,"Kids Makeup Kit","Art & Crafts",13.99,19.99,8,"positive_stock",140,134,1.49,5.4,-4.3,6.00,2678.66,804.00,111.92
48,"Maven Toys Saltillo 2","Saltillo","Commercial",17,"Kids Makeup Kit","Art & Crafts",13.99,19.99,9,"positive_stock",46,41,0.46,19.8,-10.9,6.00,819.59,246.00,125.91
49,"Maven Toys Culiacan 1","Culiacan","Downtown",17,"Kids Makeup Kit","Art & Crafts",13.99,19.99,9,"positive_stock",53,79,0.88,10.3,49.1,6.00,1579.21,474.00,125.91
50,"Maven Toys Guanajuato 3","Guanajuato","Residential",17,"Kids Makeup Kit","Art & Crafts",13.99,19.99,6,"positive_stock",70,59,0.66,9.2,-15.7,6.00,1179.41,354.00,83.94
1,"Maven Toys Guadalajara 1","Guadalajara","Residential",18,"Lego Bricks","Toys",34.99,39.99,11,"positive_stock",187,71,0.79,13.9,-62.0,5.00,2839.29,355.00,384.89
2,"Maven Toys Monterrey 1","Monterrey","Residential",18,"Lego Bricks","Toys",34.99,39.99,38,"positive_stock",154,150,1.67,22.8,-2.6,5.00,5998.50,750.00,1329.62
3,"Maven Toys Guadalajara 2","Guadalajara","Commercial",18,"Lego Bricks","Toys",34.99,39.99,52,"positive_stock",36,20,0.22,234.0,-44.4,5.00,799.80,100.00,1819.48
4,"Maven Toys Saltillo 1","Saltillo","Downtown",18,"Lego Bricks","Toys",34.99,39.99,17,"positive_stock",274,199,2.21,7.7,-27.4,5.00,7958.01,995.00,594.83
5,"Maven Toys La Paz 1","La Paz","Downtown",18,"Lego Bricks","Toys",34.99,39.99,9,"positive_stock",96,124,1.38,6.5,29.2,5.00,4958.76,620.00,314.91
6,"Maven Toys Mexicali 1","Mexicali","Commercial",18,"Lego Bricks","Toys",34.99,39.99,11,"positive_stock",73,0,0.00,NULL,-100.0,5.00,0.00,0.00,384.89
7,"Maven Toys Monterrey 2","Monterrey","Downtown",18,"Lego Bricks","Toys",34.99,39.99,31,"positive_stock",293,263,2.92,10.6,-10.2,5.00,10517.37,1315.00,1084.69
8,"Maven Toys Pachuca 1","Pachuca","Downtown",18,"Lego Bricks","Toys",34.99,39.99,18,"positive_stock",12,66,0.73,24.5,450.0,5.00,2639.34,330.00,629.82
9,"Maven Toys Ciudad de Mexico 1","Ciudad de Mexico","Downtown",18,"Lego Bricks","Toys",34.99,39.99,8,"positive_stock",166,248,2.76,2.9,49.4,5.00,9917.52,1240.00,279.92
10,"Maven Toys Campeche 1","Campeche","Downtown",18,"Lego Bricks","Toys",34.99,39.99,17,"positive_stock",74,168,1.87,9.1,127.0,5.00,6718.32,840.00,594.83
11,"Maven Toys Cuernavaca 1","Cuernavaca","Downtown",18,"Lego Bricks","Toys",34.99,39.99,34,"positive_stock",138,126,1.40,24.3,-8.7,5.00,5038.74,630.00,1189.66
12,"Maven Toys Chetumal 1","Chetumal","Downtown",18,"Lego Bricks","Toys",34.99,39.99,20,"positive_stock",114,157,1.74,11.5,37.7,5.00,6278.43,785.00,699.80
13,"Maven Toys Mexicali 2","Mexicali","Downtown",18,"Lego Bricks","Toys",34.99,39.99,47,"positive_stock",238,200,2.22,21.2,-16.0,5.00,7998.00,1000.00,1644.53
14,"Maven Toys Guanajuato 1","Guanajuato","Downtown",18,"Lego Bricks","Toys",34.99,39.99,7,"positive_stock",301,312,3.47,2.0,3.7,5.00,12476.88,1560.00,244.93
15,"Maven Toys Tuxtla Gutierrez 1","Tuxtla Gutierrez","Downtown",18,"Lego Bricks","Toys",34.99,39.99,34,"positive_stock",57,43,0.48,71.2,-24.6,5.00,1719.57,215.00,1189.66
16,"Maven Toys San Luis Potosi 1","San Luis Potosi","Downtown",18,"Lego Bricks","Toys",34.99,39.99,27,"positive_stock",127,148,1.64,16.4,16.5,5.00,5918.52,740.00,944.73
17,"Maven Toys Toluca 1","Toluca","Downtown",18,"Lego Bricks","Toys",34.99,39.99,27,"positive_stock",222,219,2.43,11.1,-1.4,5.00,8757.81,1095.00,944.73
18,"Maven Toys Merida 1","Merida","Downtown",18,"Lego Bricks","Toys",34.99,39.99,29,"positive_stock",59,196,2.18,13.3,232.2,5.00,7838.04,980.00,1014.71
19,"Maven Toys Puebla 1","Puebla","Commercial",18,"Lego Bricks","Toys",34.99,39.99,19,"positive_stock",119,159,1.77,10.8,33.6,5.00,6358.41,795.00,664.81
20,"Maven Toys Zacatecas 1","Zacatecas","Downtown",18,"Lego Bricks","Toys",34.99,39.99,8,"positive_stock",79,142,1.58,5.1,79.7,5.00,5678.58,710.00,279.92
21,"Maven Toys Santiago 1","Santiago","Downtown",18,"Lego Bricks","Toys",34.99,39.99,6,"positive_stock",162,105,1.17,5.1,-35.2,5.00,4198.95,525.00,209.94
22,"Maven Toys Guanajuato 2","Guanajuato","Commercial",18,"Lego Bricks","Toys",34.99,39.99,13,"positive_stock",204,166,1.84,7.0,-18.6,5.00,6638.34,830.00,454.87
23,"Maven Toys Chihuahua 1","Chihuahua","Commercial",18,"Lego Bricks","Toys",34.99,39.99,42,"positive_stock",147,147,1.63,25.7,0.0,5.00,5878.53,735.00,1469.58
24,"Maven Toys Aguascalientes 1","Aguascalientes","Downtown",18,"Lego Bricks","Toys",34.99,39.99,20,"positive_stock",37,137,1.52,13.1,270.3,5.00,5478.63,685.00,699.80
25,"Maven Toys Ciudad Victoria 1","Ciudad Victoria","Downtown",18,"Lego Bricks","Toys",34.99,39.99,34,"positive_stock",384,317,3.52,9.7,-17.4,5.00,12676.83,1585.00,1189.66
26,"Maven Toys Campeche 2","Campeche","Commercial",18,"Lego Bricks","Toys",34.99,39.99,7,"positive_stock",177,68,0.76,9.3,-61.6,5.00,2719.32,340.00,244.93
27,"Maven Toys Oaxaca 1","Oaxaca","Downtown",18,"Lego Bricks","Toys",34.99,39.99,18,"positive_stock",137,162,1.80,10.0,18.2,5.00,6478.38,810.00,629.82
28,"Maven Toys Puebla 2","Puebla","Downtown",18,"Lego Bricks","Toys",34.99,39.99,24,"positive_stock",200,93,1.03,23.2,-53.5,5.00,3719.07,465.00,839.76
29,"Maven Toys Xalapa 1","Xalapa","Commercial",18,"Lego Bricks","Toys",34.99,39.99,26,"positive_stock",192,191,2.12,12.3,-0.5,5.00,7638.09,955.00,909.74
30,"Maven Toys Guadalajara 3","Guadalajara","Airport",18,"Lego Bricks","Toys",34.99,39.99,9,"positive_stock",444,337,3.74,2.4,-24.1,5.00,13476.63,1685.00,314.91
31,"Maven Toys Ciudad de Mexico 2","Ciudad de Mexico","Airport",18,"Lego Bricks","Toys",34.99,39.99,2,"positive_stock",328,434,4.82,0.4,32.3,5.00,17355.66,2170.00,69.98
32,"Maven Toys Hermosillo 1","Hermosillo","Residential",18,"Lego Bricks","Toys",34.99,39.99,40,"positive_stock",53,8,0.09,450.0,-84.9,5.00,319.92,40.00,1399.60
33,"Maven Toys Monterrey 3","Monterrey","Airport",18,"Lego Bricks","Toys",34.99,39.99,15,"positive_stock",355,260,2.89,5.2,-26.8,5.00,10397.40,1300.00,524.85
34,"Maven Toys Villahermosa 1","Villahermosa","Downtown",18,"Lego Bricks","Toys",34.99,39.99,12,"positive_stock",54,205,2.28,5.3,279.6,5.00,8197.95,1025.00,419.88
35,"Maven Toys Chilpancingo 1","Chilpancingo","Downtown",18,"Lego Bricks","Toys",34.99,39.99,11,"positive_stock",220,133,1.48,7.4,-39.5,5.00,5318.67,665.00,384.89
36,"Maven Toys Morelia 1","Morelia","Downtown",18,"Lego Bricks","Toys",34.99,39.99,4,"positive_stock",62,30,0.33,12.0,-51.6,5.00,1199.70,150.00,139.96
37,"Maven Toys Ciudad de Mexico 3","Ciudad de Mexico","Residential",18,"Lego Bricks","Toys",34.99,39.99,6,"positive_stock",180,229,2.54,2.4,27.2,5.00,9157.71,1145.00,209.94
38,"Maven Toys Chihuahua 2","Chihuahua","Downtown",18,"Lego Bricks","Toys",34.99,39.99,10,"positive_stock",59,67,0.74,13.4,13.6,5.00,2679.33,335.00,349.90
39,"Maven Toys Xalapa 2","Xalapa","Downtown",18,"Lego Bricks","Toys",34.99,39.99,22,"positive_stock",305,174,1.93,11.4,-43.0,5.00,6958.26,870.00,769.78
40,"Maven Toys Toluca 2","Toluca","Commercial",18,"Lego Bricks","Toys",34.99,39.99,26,"positive_stock",175,125,1.39,18.7,-28.6,5.00,4998.75,625.00,909.74
41,"Maven Toys Hermosillo 2","Hermosillo","Downtown",18,"Lego Bricks","Toys",34.99,39.99,9,"positive_stock",141,270,3.00,3.0,91.5,5.00,10797.30,1350.00,314.91
42,"Maven Toys Hermosillo 3","Hermosillo","Commercial",18,"Lego Bricks","Toys",34.99,39.99,21,"positive_stock",433,259,2.88,7.3,-40.2,5.00,10357.41,1295.00,734.79
43,"Maven Toys Durango 1","Durango","Downtown",18,"Lego Bricks","Toys",34.99,39.99,16,"positive_stock",128,90,1.00,16.0,-29.7,5.00,3599.10,450.00,559.84
44,"Maven Toys Puebla 3","Puebla","Residential",18,"Lego Bricks","Toys",34.99,39.99,117,"positive_stock",198,257,2.86,41.0,29.8,5.00,10277.43,1285.00,4093.83
45,"Maven Toys Ciudad de Mexico 4","Ciudad de Mexico","Commercial",18,"Lego Bricks","Toys",34.99,39.99,14,"positive_stock",212,76,0.84,16.6,-64.2,5.00,3039.24,380.00,489.86
46,"Maven Toys Guadalajara 4","Guadalajara","Downtown",18,"Lego Bricks","Toys",34.99,39.99,21,"positive_stock",240,103,1.14,18.3,-57.1,5.00,4118.97,515.00,734.79
47,"Maven Toys Monterrey 4","Monterrey","Commercial",18,"Lego Bricks","Toys",34.99,39.99,12,"positive_stock",221,250,2.78,4.3,13.1,5.00,9997.50,1250.00,419.88
48,"Maven Toys Saltillo 2","Saltillo","Commercial",18,"Lego Bricks","Toys",34.99,39.99,10,"positive_stock",51,109,1.21,8.3,113.7,5.00,4358.91,545.00,349.90
49,"Maven Toys Culiacan 1","Culiacan","Downtown",18,"Lego Bricks","Toys",34.99,39.99,36,"positive_stock",210,103,1.14,31.5,-51.0,5.00,4118.97,515.00,1259.64
50,"Maven Toys Guanajuato 3","Guanajuato","Residential",18,"Lego Bricks","Toys",34.99,39.99,51,"positive_stock",234,285,3.17,16.1,21.8,5.00,11397.15,1425.00,1784.49
1,"Maven Toys Guadalajara 1","Guadalajara","Residential",19,"Magic Sand","Art & Crafts",13.99,15.99,25,"positive_stock",533,331,3.68,6.8,-37.9,2.00,5292.69,662.00,349.75
2,"Maven Toys Monterrey 1","Monterrey","Residential",19,"Magic Sand","Art & Crafts",13.99,15.99,35,"positive_stock",379,209,2.32,15.1,-44.9,2.00,3341.91,418.00,489.65
3,"Maven Toys Guadalajara 2","Guadalajara","Commercial",19,"Magic Sand","Art & Crafts",13.99,15.99,33,"positive_stock",375,243,2.70,12.2,-35.2,2.00,3885.57,486.00,461.67
4,"Maven Toys Saltillo 1","Saltillo","Downtown",19,"Magic Sand","Art & Crafts",13.99,15.99,2,"positive_stock",343,391,4.34,0.5,14.0,2.00,6252.09,782.00,27.98
5,"Maven Toys La Paz 1","La Paz","Downtown",19,"Magic Sand","Art & Crafts",13.99,15.99,18,"positive_stock",282,203,2.26,8.0,-28.0,2.00,3245.97,406.00,251.82
6,"Maven Toys Mexicali 1","Mexicali","Commercial",19,"Magic Sand","Art & Crafts",13.99,15.99,39,"positive_stock",504,265,2.94,13.2,-47.4,2.00,4237.35,530.00,545.61
7,"Maven Toys Monterrey 2","Monterrey","Downtown",19,"Magic Sand","Art & Crafts",13.99,15.99,24,"positive_stock",640,398,4.42,5.4,-37.8,2.00,6364.02,796.00,335.76
8,"Maven Toys Pachuca 1","Pachuca","Downtown",19,"Magic Sand","Art & Crafts",13.99,15.99,11,"positive_stock",472,237,2.63,4.2,-49.8,2.00,3789.63,474.00,153.89
9,"Maven Toys Ciudad de Mexico 1","Ciudad de Mexico","Downtown",19,"Magic Sand","Art & Crafts",13.99,15.99,54,"positive_stock",678,379,4.21,12.8,-44.1,2.00,6060.21,758.00,755.46
10,"Maven Toys Campeche 1","Campeche","Downtown",19,"Magic Sand","Art & Crafts",13.99,15.99,57,"positive_stock",482,162,1.80,31.7,-66.4,2.00,2590.38,324.00,797.43
11,"Maven Toys Cuernavaca 1","Cuernavaca","Downtown",19,"Magic Sand","Art & Crafts",13.99,15.99,51,"positive_stock",424,282,3.13,16.3,-33.5,2.00,4509.18,564.00,713.49
12,"Maven Toys Chetumal 1","Chetumal","Downtown",19,"Magic Sand","Art & Crafts",13.99,15.99,52,"positive_stock",560,367,4.08,12.8,-34.5,2.00,5868.33,734.00,727.48
13,"Maven Toys Mexicali 2","Mexicali","Downtown",19,"Magic Sand","Art & Crafts",13.99,15.99,49,"positive_stock",149,277,3.08,15.9,85.9,2.00,4429.23,554.00,685.51
14,"Maven Toys Guanajuato 1","Guanajuato","Downtown",19,"Magic Sand","Art & Crafts",13.99,15.99,23,"positive_stock",127,114,1.27,18.2,-10.2,2.00,1822.86,228.00,321.77
15,"Maven Toys Tuxtla Gutierrez 1","Tuxtla Gutierrez","Downtown",19,"Magic Sand","Art & Crafts",13.99,15.99,63,"positive_stock",275,285,3.17,19.9,3.6,2.00,4557.15,570.00,881.37
16,"Maven Toys San Luis Potosi 1","San Luis Potosi","Downtown",19,"Magic Sand","Art & Crafts",13.99,15.99,29,"positive_stock",447,257,2.86,10.2,-42.5,2.00,4109.43,514.00,405.71
17,"Maven Toys Toluca 1","Toluca","Downtown",19,"Magic Sand","Art & Crafts",13.99,15.99,53,"positive_stock",1162,507,5.63,9.4,-56.4,2.00,8106.93,1014.00,741.47
18,"Maven Toys Merida 1","Merida","Downtown",19,"Magic Sand","Art & Crafts",13.99,15.99,15,"positive_stock",379,174,1.93,7.8,-54.1,2.00,2782.26,348.00,209.85
19,"Maven Toys Puebla 1","Puebla","Commercial",19,"Magic Sand","Art & Crafts",13.99,15.99,37,"positive_stock",524,244,2.71,13.6,-53.4,2.00,3901.56,488.00,517.63
20,"Maven Toys Zacatecas 1","Zacatecas","Downtown",19,"Magic Sand","Art & Crafts",13.99,15.99,2,"positive_stock",488,500,5.56,0.4,2.5,2.00,7995.00,1000.00,27.98
21,"Maven Toys Santiago 1","Santiago","Downtown",19,"Magic Sand","Art & Crafts",13.99,15.99,49,"positive_stock",608,505,5.61,8.7,-16.9,2.00,8074.95,1010.00,685.51
22,"Maven Toys Guanajuato 2","Guanajuato","Commercial",19,"Magic Sand","Art & Crafts",13.99,15.99,17,"positive_stock",375,318,3.53,4.8,-15.2,2.00,5084.82,636.00,237.83
23,"Maven Toys Chihuahua 1","Chihuahua","Commercial",19,"Magic Sand","Art & Crafts",13.99,15.99,27,"positive_stock",269,158,1.76,15.4,-41.3,2.00,2526.42,316.00,377.73
24,"Maven Toys Aguascalientes 1","Aguascalientes","Downtown",19,"Magic Sand","Art & Crafts",13.99,15.99,67,"positive_stock",233,189,2.10,31.9,-18.9,2.00,3022.11,378.00,937.33
25,"Maven Toys Ciudad Victoria 1","Ciudad Victoria","Downtown",19,"Magic Sand","Art & Crafts",13.99,15.99,28,"positive_stock",631,218,2.42,11.6,-65.5,2.00,3485.82,436.00,391.72
26,"Maven Toys Campeche 2","Campeche","Commercial",19,"Magic Sand","Art & Crafts",13.99,15.99,90,"positive_stock",463,204,2.27,39.7,-55.9,2.00,3261.96,408.00,1259.10
27,"Maven Toys Oaxaca 1","Oaxaca","Downtown",19,"Magic Sand","Art & Crafts",13.99,15.99,34,"positive_stock",478,145,1.61,21.1,-69.7,2.00,2318.55,290.00,475.66
28,"Maven Toys Puebla 2","Puebla","Downtown",19,"Magic Sand","Art & Crafts",13.99,15.99,13,"positive_stock",309,108,1.20,10.8,-65.0,2.00,1726.92,216.00,181.87
29,"Maven Toys Xalapa 1","Xalapa","Commercial",19,"Magic Sand","Art & Crafts",13.99,15.99,12,"positive_stock",172,406,4.51,2.7,136.0,2.00,6491.94,812.00,167.88
30,"Maven Toys Guadalajara 3","Guadalajara","Airport",19,"Magic Sand","Art & Crafts",13.99,15.99,19,"positive_stock",458,314,3.49,5.4,-31.4,2.00,5020.86,628.00,265.81
31,"Maven Toys Ciudad de Mexico 2","Ciudad de Mexico","Airport",19,"Magic Sand","Art & Crafts",13.99,15.99,95,"positive_stock",682,339,3.77,25.2,-50.3,2.00,5420.61,678.00,1329.05
32,"Maven Toys Hermosillo 1","Hermosillo","Residential",19,"Magic Sand","Art & Crafts",13.99,15.99,35,"positive_stock",173,230,2.56,13.7,32.9,2.00,3677.70,460.00,489.65
33,"Maven Toys Monterrey 3","Monterrey","Airport",19,"Magic Sand","Art & Crafts",13.99,15.99,61,"positive_stock",183,155,1.72,35.4,-15.3,2.00,2478.45,310.00,853.39
34,"Maven Toys Villahermosa 1","Villahermosa","Downtown",19,"Magic Sand","Art & Crafts",13.99,15.99,14,"positive_stock",461,283,3.14,4.5,-38.6,2.00,4525.17,566.00,195.86
35,"Maven Toys Chilpancingo 1","Chilpancingo","Downtown",19,"Magic Sand","Art & Crafts",13.99,15.99,44,"positive_stock",573,350,3.89,11.3,-38.9,2.00,5596.50,700.00,615.56
36,"Maven Toys Morelia 1","Morelia","Downtown",19,"Magic Sand","Art & Crafts",13.99,15.99,28,"positive_stock",126,93,1.03,27.1,-26.2,2.00,1487.07,186.00,391.72
37,"Maven Toys Ciudad de Mexico 3","Ciudad de Mexico","Residential",19,"Magic Sand","Art & Crafts",13.99,15.99,69,"positive_stock",433,272,3.02,22.8,-37.2,2.00,4349.28,544.00,965.31
38,"Maven Toys Chihuahua 2","Chihuahua","Downtown",19,"Magic Sand","Art & Crafts",13.99,15.99,7,"positive_stock",324,369,4.10,1.7,13.9,2.00,5900.31,738.00,97.93
39,"Maven Toys Xalapa 2","Xalapa","Downtown",19,"Magic Sand","Art & Crafts",13.99,15.99,9,"positive_stock",898,430,4.78,1.9,-52.1,2.00,6875.70,860.00,125.91
40,"Maven Toys Toluca 2","Toluca","Commercial",19,"Magic Sand","Art & Crafts",13.99,15.99,23,"positive_stock",398,325,3.61,6.4,-18.3,2.00,5196.75,650.00,321.77
41,"Maven Toys Hermosillo 2","Hermosillo","Downtown",19,"Magic Sand","Art & Crafts",13.99,15.99,100,"positive_stock",548,354,3.93,25.4,-35.4,2.00,5660.46,708.00,1399.00
42,"Maven Toys Hermosillo 3","Hermosillo","Commercial",19,"Magic Sand","Art & Crafts",13.99,15.99,44,"positive_stock",786,337,3.74,11.8,-57.1,2.00,5388.63,674.00,615.56
43,"Maven Toys Durango 1","Durango","Downtown",19,"Magic Sand","Art & Crafts",13.99,15.99,17,"positive_stock",368,346,3.84,4.4,-6.0,2.00,5532.54,692.00,237.83
44,"Maven Toys Puebla 3","Puebla","Residential",19,"Magic Sand","Art & Crafts",13.99,15.99,NULL,"inventory_record_missing",0,0,0.00,NULL,NULL,2.00,0.00,0.00,NULL
45,"Maven Toys Ciudad de Mexico 4","Ciudad de Mexico","Commercial",19,"Magic Sand","Art & Crafts",13.99,15.99,75,"positive_stock",287,112,1.24,60.3,-61.0,2.00,1790.88,224.00,1049.25
46,"Maven Toys Guadalajara 4","Guadalajara","Downtown",19,"Magic Sand","Art & Crafts",13.99,15.99,58,"positive_stock",251,252,2.80,20.7,0.4,2.00,4029.48,504.00,811.42
47,"Maven Toys Monterrey 4","Monterrey","Commercial",19,"Magic Sand","Art & Crafts",13.99,15.99,68,"positive_stock",448,391,4.34,15.7,-12.7,2.00,6252.09,782.00,951.32
48,"Maven Toys Saltillo 2","Saltillo","Commercial",19,"Magic Sand","Art & Crafts",13.99,15.99,59,"positive_stock",404,283,3.14,18.8,-30.0,2.00,4525.17,566.00,825.41
49,"Maven Toys Culiacan 1","Culiacan","Downtown",19,"Magic Sand","Art & Crafts",13.99,15.99,48,"positive_stock",632,340,3.78,12.7,-46.2,2.00,5436.60,680.00,671.52
50,"Maven Toys Guanajuato 3","Guanajuato","Residential",19,"Magic Sand","Art & Crafts",13.99,15.99,40,"positive_stock",310,267,2.97,13.5,-13.9,2.00,4269.33,534.00,559.60
1,"Maven Toys Guadalajara 1","Guadalajara","Residential",20,"Mini Basketball Hoop","Sports & Outdoors",8.99,24.99,11,"positive_stock",5,0,0.00,NULL,-100.0,16.00,0.00,0.00,98.89
2,"Maven Toys Monterrey 1","Monterrey","Residential",20,"Mini Basketball Hoop","Sports & Outdoors",8.99,24.99,NULL,"inventory_record_missing",0,0,0.00,NULL,NULL,16.00,0.00,0.00,NULL
3,"Maven Toys Guadalajara 2","Guadalajara","Commercial",20,"Mini Basketball Hoop","Sports & Outdoors",8.99,24.99,NULL,"inventory_record_missing",0,0,0.00,NULL,NULL,16.00,0.00,0.00,NULL
4,"Maven Toys Saltillo 1","Saltillo","Downtown",20,"Mini Basketball Hoop","Sports & Outdoors",8.99,24.99,13,"positive_stock",6,53,0.59,22.1,783.3,16.00,1324.47,848.00,116.87
5,"Maven Toys La Paz 1","La Paz","Downtown",20,"Mini Basketball Hoop","Sports & Outdoors",8.99,24.99,NULL,"inventory_record_missing",0,0,0.00,NULL,NULL,16.00,0.00,0.00,NULL
6,"Maven Toys Mexicali 1","Mexicali","Commercial",20,"Mini Basketball Hoop","Sports & Outdoors",8.99,24.99,9,"positive_stock",17,0,0.00,NULL,-100.0,16.00,0.00,0.00,80.91
7,"Maven Toys Monterrey 2","Monterrey","Downtown",20,"Mini Basketball Hoop","Sports & Outdoors",8.99,24.99,7,"positive_stock",24,26,0.29,24.2,8.3,16.00,649.74,416.00,62.93
8,"Maven Toys Pachuca 1","Pachuca","Downtown",20,"Mini Basketball Hoop","Sports & Outdoors",8.99,24.99,5,"positive_stock",0,0,0.00,NULL,NULL,16.00,0.00,0.00,44.95
9,"Maven Toys Ciudad de Mexico 1","Ciudad de Mexico","Downtown",20,"Mini Basketball Hoop","Sports & Outdoors",8.99,24.99,4,"positive_stock",12,8,0.09,45.0,-33.3,16.00,199.92,128.00,35.96
10,"Maven Toys Campeche 1","Campeche","Downtown",20,"Mini Basketball Hoop","Sports & Outdoors",8.99,24.99,4,"positive_stock",16,0,0.00,NULL,-100.0,16.00,0.00,0.00,35.96
11,"Maven Toys Cuernavaca 1","Cuernavaca","Downtown",20,"Mini Basketball Hoop","Sports & Outdoors",8.99,24.99,NULL,"inventory_record_missing",0,0,0.00,NULL,NULL,16.00,0.00,0.00,NULL
12,"Maven Toys Chetumal 1","Chetumal","Downtown",20,"Mini Basketball Hoop","Sports & Outdoors",8.99,24.99,15,"positive_stock",0,0,0.00,NULL,NULL,16.00,0.00,0.00,134.85
13,"Maven Toys Mexicali 2","Mexicali","Downtown",20,"Mini Basketball Hoop","Sports & Outdoors",8.99,24.99,NULL,"inventory_record_missing",0,0,0.00,NULL,NULL,16.00,0.00,0.00,NULL
14,"Maven Toys Guanajuato 1","Guanajuato","Downtown",20,"Mini Basketball Hoop","Sports & Outdoors",8.99,24.99,NULL,"inventory_record_missing",0,0,0.00,NULL,NULL,16.00,0.00,0.00,NULL
15,"Maven Toys Tuxtla Gutierrez 1","Tuxtla Gutierrez","Downtown",20,"Mini Basketball Hoop","Sports & Outdoors",8.99,24.99,NULL,"inventory_record_missing",0,0,0.00,NULL,NULL,16.00,0.00,0.00,NULL
16,"Maven Toys San Luis Potosi 1","San Luis Potosi","Downtown",20,"Mini Basketball Hoop","Sports & Outdoors",8.99,24.99,2,"positive_stock",30,17,0.19,10.6,-43.3,16.00,424.83,272.00,17.98
17,"Maven Toys Toluca 1","Toluca","Downtown",20,"Mini Basketball Hoop","Sports & Outdoors",8.99,24.99,NULL,"inventory_record_missing",0,0,0.00,NULL,NULL,16.00,0.00,0.00,NULL
18,"Maven Toys Merida 1","Merida","Downtown",20,"Mini Basketball Hoop","Sports & Outdoors",8.99,24.99,3,"positive_stock",0,10,0.11,27.0,NULL,16.00,249.90,160.00,26.97
19,"Maven Toys Puebla 1","Puebla","Commercial",20,"Mini Basketball Hoop","Sports & Outdoors",8.99,24.99,11,"positive_stock",29,28,0.31,35.4,-3.4,16.00,699.72,448.00,98.89
20,"Maven Toys Zacatecas 1","Zacatecas","Downtown",20,"Mini Basketball Hoop","Sports & Outdoors",8.99,24.99,NULL,"inventory_record_missing",0,0,0.00,NULL,NULL,16.00,0.00,0.00,NULL
21,"Maven Toys Santiago 1","Santiago","Downtown",20,"Mini Basketball Hoop","Sports & Outdoors",8.99,24.99,NULL,"inventory_record_missing",0,0,0.00,NULL,NULL,16.00,0.00,0.00,NULL
22,"Maven Toys Guanajuato 2","Guanajuato","Commercial",20,"Mini Basketball Hoop","Sports & Outdoors",8.99,24.99,18,"positive_stock",25,0,0.00,NULL,-100.0,16.00,0.00,0.00,161.82
23,"Maven Toys Chihuahua 1","Chihuahua","Commercial",20,"Mini Basketball Hoop","Sports & Outdoors",8.99,24.99,2,"positive_stock",17,0,0.00,NULL,-100.0,16.00,0.00,0.00,17.98
24,"Maven Toys Aguascalientes 1","Aguascalientes","Downtown",20,"Mini Basketball Hoop","Sports & Outdoors",8.99,24.99,7,"positive_stock",0,0,0.00,NULL,NULL,16.00,0.00,0.00,62.93
25,"Maven Toys Ciudad Victoria 1","Ciudad Victoria","Downtown",20,"Mini Basketball Hoop","Sports & Outdoors",8.99,24.99,NULL,"inventory_record_missing",0,0,0.00,NULL,NULL,16.00,0.00,0.00,NULL
26,"Maven Toys Campeche 2","Campeche","Commercial",20,"Mini Basketball Hoop","Sports & Outdoors",8.99,24.99,6,"positive_stock",11,10,0.11,54.0,-9.1,16.00,249.90,160.00,53.94
27,"Maven Toys Oaxaca 1","Oaxaca","Downtown",20,"Mini Basketball Hoop","Sports & Outdoors",8.99,24.99,NULL,"inventory_record_missing",0,0,0.00,NULL,NULL,16.00,0.00,0.00,NULL
28,"Maven Toys Puebla 2","Puebla","Downtown",20,"Mini Basketball Hoop","Sports & Outdoors",8.99,24.99,NULL,"inventory_record_missing",0,0,0.00,NULL,NULL,16.00,0.00,0.00,NULL
29,"Maven Toys Xalapa 1","Xalapa","Commercial",20,"Mini Basketball Hoop","Sports & Outdoors",8.99,24.99,NULL,"inventory_record_missing",0,0,0.00,NULL,NULL,16.00,0.00,0.00,NULL
30,"Maven Toys Guadalajara 3","Guadalajara","Airport",20,"Mini Basketball Hoop","Sports & Outdoors",8.99,24.99,NULL,"inventory_record_missing",0,0,0.00,NULL,NULL,16.00,0.00,0.00,NULL
31,"Maven Toys Ciudad de Mexico 2","Ciudad de Mexico","Airport",20,"Mini Basketball Hoop","Sports & Outdoors",8.99,24.99,NULL,"inventory_record_missing",0,0,0.00,NULL,NULL,16.00,0.00,0.00,NULL
32,"Maven Toys Hermosillo 1","Hermosillo","Residential",20,"Mini Basketball Hoop","Sports & Outdoors",8.99,24.99,NULL,"inventory_record_missing",0,0,0.00,NULL,NULL,16.00,0.00,0.00,NULL
33,"Maven Toys Monterrey 3","Monterrey","Airport",20,"Mini Basketball Hoop","Sports & Outdoors",8.99,24.99,11,"positive_stock",0,0,0.00,NULL,NULL,16.00,0.00,0.00,98.89
34,"Maven Toys Villahermosa 1","Villahermosa","Downtown",20,"Mini Basketball Hoop","Sports & Outdoors",8.99,24.99,17,"positive_stock",18,0,0.00,NULL,-100.0,16.00,0.00,0.00,152.83
35,"Maven Toys Chilpancingo 1","Chilpancingo","Downtown",20,"Mini Basketball Hoop","Sports & Outdoors",8.99,24.99,NULL,"inventory_record_missing",0,0,0.00,NULL,NULL,16.00,0.00,0.00,NULL
36,"Maven Toys Morelia 1","Morelia","Downtown",20,"Mini Basketball Hoop","Sports & Outdoors",8.99,24.99,2,"positive_stock",0,0,0.00,NULL,NULL,16.00,0.00,0.00,17.98
37,"Maven Toys Ciudad de Mexico 3","Ciudad de Mexico","Residential",20,"Mini Basketball Hoop","Sports & Outdoors",8.99,24.99,11,"positive_stock",9,0,0.00,NULL,-100.0,16.00,0.00,0.00,98.89
38,"Maven Toys Chihuahua 2","Chihuahua","Downtown",20,"Mini Basketball Hoop","Sports & Outdoors",8.99,24.99,11,"positive_stock",37,18,0.20,55.0,-51.4,16.00,449.82,288.00,98.89
39,"Maven Toys Xalapa 2","Xalapa","Downtown",20,"Mini Basketball Hoop","Sports & Outdoors",8.99,24.99,NULL,"inventory_record_missing",0,0,0.00,NULL,NULL,16.00,0.00,0.00,NULL
40,"Maven Toys Toluca 2","Toluca","Commercial",20,"Mini Basketball Hoop","Sports & Outdoors",8.99,24.99,NULL,"inventory_record_missing",0,0,0.00,NULL,NULL,16.00,0.00,0.00,NULL
41,"Maven Toys Hermosillo 2","Hermosillo","Downtown",20,"Mini Basketball Hoop","Sports & Outdoors",8.99,24.99,17,"positive_stock",8,9,0.10,170.0,12.5,16.00,224.91,144.00,152.83
42,"Maven Toys Hermosillo 3","Hermosillo","Commercial",20,"Mini Basketball Hoop","Sports & Outdoors",8.99,24.99,8,"positive_stock",0,19,0.21,37.9,NULL,16.00,474.81,304.00,71.92
43,"Maven Toys Durango 1","Durango","Downtown",20,"Mini Basketball Hoop","Sports & Outdoors",8.99,24.99,NULL,"inventory_record_missing",0,0,0.00,NULL,NULL,16.00,0.00,0.00,NULL
44,"Maven Toys Puebla 3","Puebla","Residential",20,"Mini Basketball Hoop","Sports & Outdoors",8.99,24.99,NULL,"inventory_record_missing",0,0,0.00,NULL,NULL,16.00,0.00,0.00,NULL
45,"Maven Toys Ciudad de Mexico 4","Ciudad de Mexico","Commercial",20,"Mini Basketball Hoop","Sports & Outdoors",8.99,24.99,NULL,"inventory_record_missing",0,0,0.00,NULL,NULL,16.00,0.00,0.00,NULL
46,"Maven Toys Guadalajara 4","Guadalajara","Downtown",20,"Mini Basketball Hoop","Sports & Outdoors",8.99,24.99,NULL,"inventory_record_missing",0,0,0.00,NULL,NULL,16.00,0.00,0.00,NULL
47,"Maven Toys Monterrey 4","Monterrey","Commercial",20,"Mini Basketball Hoop","Sports & Outdoors",8.99,24.99,NULL,"inventory_record_missing",0,0,0.00,NULL,NULL,16.00,0.00,0.00,NULL
48,"Maven Toys Saltillo 2","Saltillo","Commercial",20,"Mini Basketball Hoop","Sports & Outdoors",8.99,24.99,10,"positive_stock",14,0,0.00,NULL,-100.0,16.00,0.00,0.00,89.90
49,"Maven Toys Culiacan 1","Culiacan","Downtown",20,"Mini Basketball Hoop","Sports & Outdoors",8.99,24.99,13,"positive_stock",26,6,0.07,195.0,-76.9,16.00,149.94,96.00,116.87
50,"Maven Toys Guanajuato 3","Guanajuato","Residential",20,"Mini Basketball Hoop","Sports & Outdoors",8.99,24.99,17,"positive_stock",7,20,0.22,76.5,185.7,16.00,499.80,320.00,152.83
1,"Maven Toys Guadalajara 1","Guadalajara","Residential",21,"Mini Ping Pong Set","Sports & Outdoors",6.99,9.99,21,"positive_stock",68,97,1.08,19.5,42.6,3.00,969.03,291.00,146.79
2,"Maven Toys Monterrey 1","Monterrey","Residential",21,"Mini Ping Pong Set","Sports & Outdoors",6.99,9.99,20,"positive_stock",120,118,1.31,15.3,-1.7,3.00,1178.82,354.00,139.80
3,"Maven Toys Guadalajara 2","Guadalajara","Commercial",21,"Mini Ping Pong Set","Sports & Outdoors",6.99,9.99,3,"positive_stock",72,23,0.26,11.7,-68.1,3.00,229.77,69.00,20.97
4,"Maven Toys Saltillo 1","Saltillo","Downtown",21,"Mini Ping Pong Set","Sports & Outdoors",6.99,9.99,24,"positive_stock",172,129,1.43,16.7,-25.0,3.00,1288.71,387.00,167.76
5,"Maven Toys La Paz 1","La Paz","Downtown",21,"Mini Ping Pong Set","Sports & Outdoors",6.99,9.99,0,"confirmed_zero_stock",196,277,3.08,0.0,41.3,3.00,2767.23,831.00,0.00
6,"Maven Toys Mexicali 1","Mexicali","Commercial",21,"Mini Ping Pong Set","Sports & Outdoors",6.99,9.99,36,"positive_stock",192,124,1.38,26.1,-35.4,3.00,1238.76,372.00,251.64
7,"Maven Toys Monterrey 2","Monterrey","Downtown",21,"Mini Ping Pong Set","Sports & Outdoors",6.99,9.99,49,"positive_stock",73,113,1.26,39.0,54.8,3.00,1128.87,339.00,342.51
8,"Maven Toys Pachuca 1","Pachuca","Downtown",21,"Mini Ping Pong Set","Sports & Outdoors",6.99,9.99,37,"positive_stock",322,197,2.19,16.9,-38.8,3.00,1968.03,591.00,258.63
9,"Maven Toys Ciudad de Mexico 1","Ciudad de Mexico","Downtown",21,"Mini Ping Pong Set","Sports & Outdoors",6.99,9.99,12,"positive_stock",273,179,1.99,6.0,-34.4,3.00,1788.21,537.00,83.88
10,"Maven Toys Campeche 1","Campeche","Downtown",21,"Mini Ping Pong Set","Sports & Outdoors",6.99,9.99,16,"positive_stock",595,548,6.09,2.6,-7.9,3.00,5474.52,1644.00,111.84
11,"Maven Toys Cuernavaca 1","Cuernavaca","Downtown",21,"Mini Ping Pong Set","Sports & Outdoors",6.99,9.99,0,"confirmed_zero_stock",141,140,1.56,0.0,-0.7,3.00,1398.60,420.00,0.00
12,"Maven Toys Chetumal 1","Chetumal","Downtown",21,"Mini Ping Pong Set","Sports & Outdoors",6.99,9.99,15,"positive_stock",81,37,0.41,36.5,-54.3,3.00,369.63,111.00,104.85
13,"Maven Toys Mexicali 2","Mexicali","Downtown",21,"Mini Ping Pong Set","Sports & Outdoors",6.99,9.99,9,"positive_stock",58,82,0.91,9.9,41.4,3.00,819.18,246.00,62.91
14,"Maven Toys Guanajuato 1","Guanajuato","Downtown",21,"Mini Ping Pong Set","Sports & Outdoors",6.99,9.99,0,"confirmed_zero_stock",303,209,2.32,0.0,-31.0,3.00,2087.91,627.00,0.00
15,"Maven Toys Tuxtla Gutierrez 1","Tuxtla Gutierrez","Downtown",21,"Mini Ping Pong Set","Sports & Outdoors",6.99,9.99,12,"positive_stock",330,184,2.04,5.9,-44.2,3.00,1838.16,552.00,83.88
16,"Maven Toys San Luis Potosi 1","San Luis Potosi","Downtown",21,"Mini Ping Pong Set","Sports & Outdoors",6.99,9.99,54,"positive_stock",75,229,2.54,21.2,205.3,3.00,2287.71,687.00,377.46
17,"Maven Toys Toluca 1","Toluca","Downtown",21,"Mini Ping Pong Set","Sports & Outdoors",6.99,9.99,27,"positive_stock",66,73,0.81,33.3,10.6,3.00,729.27,219.00,188.73
18,"Maven Toys Merida 1","Merida","Downtown",21,"Mini Ping Pong Set","Sports & Outdoors",6.99,9.99,29,"positive_stock",53,77,0.86,33.9,45.3,3.00,769.23,231.00,202.71
19,"Maven Toys Puebla 1","Puebla","Commercial",21,"Mini Ping Pong Set","Sports & Outdoors",6.99,9.99,24,"positive_stock",36,37,0.41,58.4,2.8,3.00,369.63,111.00,167.76
20,"Maven Toys Zacatecas 1","Zacatecas","Downtown",21,"Mini Ping Pong Set","Sports & Outdoors",6.99,9.99,0,"confirmed_zero_stock",62,95,1.06,0.0,53.2,3.00,949.05,285.00,0.00
21,"Maven Toys Santiago 1","Santiago","Downtown",21,"Mini Ping Pong Set","Sports & Outdoors",6.99,9.99,14,"positive_stock",56,127,1.41,9.9,126.8,3.00,1268.73,381.00,97.86
22,"Maven Toys Guanajuato 2","Guanajuato","Commercial",21,"Mini Ping Pong Set","Sports & Outdoors",6.99,9.99,30,"positive_stock",131,165,1.83,16.4,26.0,3.00,1648.35,495.00,209.70
23,"Maven Toys Chihuahua 1","Chihuahua","Commercial",21,"Mini Ping Pong Set","Sports & Outdoors",6.99,9.99,30,"positive_stock",324,180,2.00,15.0,-44.4,3.00,1798.20,540.00,209.70
24,"Maven Toys Aguascalientes 1","Aguascalientes","Downtown",21,"Mini Ping Pong Set","Sports & Outdoors",6.99,9.99,0,"confirmed_zero_stock",86,198,2.20,0.0,130.2,3.00,1978.02,594.00,0.00
25,"Maven Toys Ciudad Victoria 1","Ciudad Victoria","Downtown",21,"Mini Ping Pong Set","Sports & Outdoors",6.99,9.99,5,"positive_stock",25,15,0.17,30.0,-40.0,3.00,149.85,45.00,34.95
26,"Maven Toys Campeche 2","Campeche","Commercial",21,"Mini Ping Pong Set","Sports & Outdoors",6.99,9.99,26,"positive_stock",232,336,3.73,7.0,44.8,3.00,3356.64,1008.00,181.74
27,"Maven Toys Oaxaca 1","Oaxaca","Downtown",21,"Mini Ping Pong Set","Sports & Outdoors",6.99,9.99,2,"positive_stock",88,57,0.63,3.2,-35.2,3.00,569.43,171.00,13.98
28,"Maven Toys Puebla 2","Puebla","Downtown",21,"Mini Ping Pong Set","Sports & Outdoors",6.99,9.99,11,"positive_stock",95,15,0.17,66.0,-84.2,3.00,149.85,45.00,76.89
29,"Maven Toys Xalapa 1","Xalapa","Commercial",21,"Mini Ping Pong Set","Sports & Outdoors",6.99,9.99,10,"positive_stock",80,151,1.68,6.0,88.8,3.00,1508.49,453.00,69.90
30,"Maven Toys Guadalajara 3","Guadalajara","Airport",21,"Mini Ping Pong Set","Sports & Outdoors",6.99,9.99,18,"positive_stock",9,14,0.16,115.7,55.6,3.00,139.86,42.00,125.82
31,"Maven Toys Ciudad de Mexico 2","Ciudad de Mexico","Airport",21,"Mini Ping Pong Set","Sports & Outdoors",6.99,9.99,6,"positive_stock",175,198,2.20,2.7,13.1,3.00,1978.02,594.00,41.94
32,"Maven Toys Hermosillo 1","Hermosillo","Residential",21,"Mini Ping Pong Set","Sports & Outdoors",6.99,9.99,0,"confirmed_zero_stock",84,68,0.76,0.0,-19.0,3.00,679.32,204.00,0.00
33,"Maven Toys Monterrey 3","Monterrey","Airport",21,"Mini Ping Pong Set","Sports & Outdoors",6.99,9.99,13,"positive_stock",13,38,0.42,30.8,192.3,3.00,379.62,114.00,90.87
34,"Maven Toys Villahermosa 1","Villahermosa","Downtown",21,"Mini Ping Pong Set","Sports & Outdoors",6.99,9.99,22,"positive_stock",40,57,0.63,34.7,42.5,3.00,569.43,171.00,153.78
35,"Maven Toys Chilpancingo 1","Chilpancingo","Downtown",21,"Mini Ping Pong Set","Sports & Outdoors",6.99,9.99,6,"positive_stock",23,29,0.32,18.6,26.1,3.00,289.71,87.00,41.94
36,"Maven Toys Morelia 1","Morelia","Downtown",21,"Mini Ping Pong Set","Sports & Outdoors",6.99,9.99,33,"positive_stock",14,6,0.07,495.0,-57.1,3.00,59.94,18.00,230.67
37,"Maven Toys Ciudad de Mexico 3","Ciudad de Mexico","Residential",21,"Mini Ping Pong Set","Sports & Outdoors",6.99,9.99,53,"positive_stock",465,438,4.87,10.9,-5.8,3.00,4375.62,1314.00,370.47
38,"Maven Toys Chihuahua 2","Chihuahua","Downtown",21,"Mini Ping Pong Set","Sports & Outdoors",6.99,9.99,63,"positive_stock",539,461,5.12,12.3,-14.5,3.00,4605.39,1383.00,440.37
39,"Maven Toys Xalapa 2","Xalapa","Downtown",21,"Mini Ping Pong Set","Sports & Outdoors",6.99,9.99,5,"positive_stock",102,38,0.42,11.8,-62.7,3.00,379.62,114.00,34.95
40,"Maven Toys Toluca 2","Toluca","Commercial",21,"Mini Ping Pong Set","Sports & Outdoors",6.99,9.99,10,"positive_stock",10,3,0.03,300.0,-70.0,3.00,29.97,9.00,69.90
41,"Maven Toys Hermosillo 2","Hermosillo","Downtown",21,"Mini Ping Pong Set","Sports & Outdoors",6.99,9.99,29,"positive_stock",34,102,1.13,25.6,200.0,3.00,1018.98,306.00,202.71
42,"Maven Toys Hermosillo 3","Hermosillo","Commercial",21,"Mini Ping Pong Set","Sports & Outdoors",6.99,9.99,69,"positive_stock",61,66,0.73,94.1,8.2,3.00,659.34,198.00,482.31
43,"Maven Toys Durango 1","Durango","Downtown",21,"Mini Ping Pong Set","Sports & Outdoors",6.99,9.99,9,"positive_stock",37,38,0.42,21.3,2.7,3.00,379.62,114.00,62.91
44,"Maven Toys Puebla 3","Puebla","Residential",21,"Mini Ping Pong Set","Sports & Outdoors",6.99,9.99,NULL,"inventory_record_missing",0,0,0.00,NULL,NULL,3.00,0.00,0.00,NULL
45,"Maven Toys Ciudad de Mexico 4","Ciudad de Mexico","Commercial",21,"Mini Ping Pong Set","Sports & Outdoors",6.99,9.99,14,"positive_stock",90,36,0.40,35.0,-60.0,3.00,359.64,108.00,97.86
46,"Maven Toys Guadalajara 4","Guadalajara","Downtown",21,"Mini Ping Pong Set","Sports & Outdoors",6.99,9.99,2,"positive_stock",29,16,0.18,11.3,-44.8,3.00,159.84,48.00,13.98
47,"Maven Toys Monterrey 4","Monterrey","Commercial",21,"Mini Ping Pong Set","Sports & Outdoors",6.99,9.99,25,"positive_stock",0,20,0.22,112.5,NULL,3.00,199.80,60.00,174.75
48,"Maven Toys Saltillo 2","Saltillo","Commercial",21,"Mini Ping Pong Set","Sports & Outdoors",6.99,9.99,8,"positive_stock",0,56,0.62,12.9,NULL,3.00,559.44,168.00,55.92
49,"Maven Toys Culiacan 1","Culiacan","Downtown",21,"Mini Ping Pong Set","Sports & Outdoors",6.99,9.99,37,"positive_stock",121,49,0.54,68.0,-59.5,3.00,489.51,147.00,258.63
50,"Maven Toys Guanajuato 3","Guanajuato","Residential",21,"Mini Ping Pong Set","Sports & Outdoors",6.99,9.99,36,"positive_stock",65,51,0.57,63.5,-21.5,3.00,509.49,153.00,251.64
1,"Maven Toys Guadalajara 1","Guadalajara","Residential",22,"Monopoly","Games",13.99,19.99,2,"positive_stock",12,27,0.30,6.7,125.0,6.00,539.73,162.00,27.98
2,"Maven Toys Monterrey 1","Monterrey","Residential",22,"Monopoly","Games",13.99,19.99,NULL,"inventory_record_missing",0,0,0.00,NULL,NULL,6.00,0.00,0.00,NULL
3,"Maven Toys Guadalajara 2","Guadalajara","Commercial",22,"Monopoly","Games",13.99,19.99,NULL,"inventory_record_missing",0,0,0.00,NULL,NULL,6.00,0.00,0.00,NULL
4,"Maven Toys Saltillo 1","Saltillo","Downtown",22,"Monopoly","Games",13.99,19.99,5,"positive_stock",21,26,0.29,17.3,23.8,6.00,519.74,156.00,69.95
5,"Maven Toys La Paz 1","La Paz","Downtown",22,"Monopoly","Games",13.99,19.99,NULL,"inventory_record_missing",0,0,0.00,NULL,NULL,6.00,0.00,0.00,NULL
6,"Maven Toys Mexicali 1","Mexicali","Commercial",22,"Monopoly","Games",13.99,19.99,5,"positive_stock",0,18,0.20,25.0,NULL,6.00,359.82,108.00,69.95
7,"Maven Toys Monterrey 2","Monterrey","Downtown",22,"Monopoly","Games",13.99,19.99,8,"positive_stock",83,24,0.27,30.0,-71.1,6.00,479.76,144.00,111.92
8,"Maven Toys Pachuca 1","Pachuca","Downtown",22,"Monopoly","Games",13.99,19.99,13,"positive_stock",0,32,0.36,36.6,NULL,6.00,639.68,192.00,181.87
9,"Maven Toys Ciudad de Mexico 1","Ciudad de Mexico","Downtown",22,"Monopoly","Games",13.99,19.99,9,"positive_stock",13,16,0.18,50.6,23.1,6.00,319.84,96.00,125.91
10,"Maven Toys Campeche 1","Campeche","Downtown",22,"Monopoly","Games",13.99,19.99,13,"positive_stock",8,34,0.38,34.4,325.0,6.00,679.66,204.00,181.87
11,"Maven Toys Cuernavaca 1","Cuernavaca","Downtown",22,"Monopoly","Games",13.99,19.99,NULL,"inventory_record_missing",0,0,0.00,NULL,NULL,6.00,0.00,0.00,NULL
12,"Maven Toys Chetumal 1","Chetumal","Downtown",22,"Monopoly","Games",13.99,19.99,4,"positive_stock",18,32,0.36,11.3,77.8,6.00,639.68,192.00,55.96
13,"Maven Toys Mexicali 2","Mexicali","Downtown",22,"Monopoly","Games",13.99,19.99,NULL,"inventory_record_missing",0,0,0.00,NULL,NULL,6.00,0.00,0.00,NULL
14,"Maven Toys Guanajuato 1","Guanajuato","Downtown",22,"Monopoly","Games",13.99,19.99,NULL,"inventory_record_missing",0,0,0.00,NULL,NULL,6.00,0.00,0.00,NULL
15,"Maven Toys Tuxtla Gutierrez 1","Tuxtla Gutierrez","Downtown",22,"Monopoly","Games",13.99,19.99,NULL,"inventory_record_missing",0,0,0.00,NULL,NULL,6.00,0.00,0.00,NULL
16,"Maven Toys San Luis Potosi 1","San Luis Potosi","Downtown",22,"Monopoly","Games",13.99,19.99,9,"positive_stock",0,33,0.37,24.5,NULL,6.00,659.67,198.00,125.91
17,"Maven Toys Toluca 1","Toluca","Downtown",22,"Monopoly","Games",13.99,19.99,NULL,"inventory_record_missing",0,0,0.00,NULL,NULL,6.00,0.00,0.00,NULL
18,"Maven Toys Merida 1","Merida","Downtown",22,"Monopoly","Games",13.99,19.99,18,"positive_stock",40,12,0.13,135.0,-70.0,6.00,239.88,72.00,251.82
19,"Maven Toys Puebla 1","Puebla","Commercial",22,"Monopoly","Games",13.99,19.99,3,"positive_stock",27,8,0.09,33.8,-70.4,6.00,159.92,48.00,41.97
20,"Maven Toys Zacatecas 1","Zacatecas","Downtown",22,"Monopoly","Games",13.99,19.99,NULL,"inventory_record_missing",0,0,0.00,NULL,NULL,6.00,0.00,0.00,NULL
21,"Maven Toys Santiago 1","Santiago","Downtown",22,"Monopoly","Games",13.99,19.99,NULL,"inventory_record_missing",0,0,0.00,NULL,NULL,6.00,0.00,0.00,NULL
22,"Maven Toys Guanajuato 2","Guanajuato","Commercial",22,"Monopoly","Games",13.99,19.99,4,"positive_stock",0,38,0.42,9.5,NULL,6.00,759.62,228.00,55.96
23,"Maven Toys Chihuahua 1","Chihuahua","Commercial",22,"Monopoly","Games",13.99,19.99,11,"positive_stock",40,18,0.20,55.0,-55.0,6.00,359.82,108.00,153.89
24,"Maven Toys Aguascalientes 1","Aguascalientes","Downtown",22,"Monopoly","Games",13.99,19.99,13,"positive_stock",0,21,0.23,55.7,NULL,6.00,419.79,126.00,181.87
25,"Maven Toys Ciudad Victoria 1","Ciudad Victoria","Downtown",22,"Monopoly","Games",13.99,19.99,NULL,"inventory_record_missing",0,0,0.00,NULL,NULL,6.00,0.00,0.00,NULL
26,"Maven Toys Campeche 2","Campeche","Commercial",22,"Monopoly","Games",13.99,19.99,5,"positive_stock",41,0,0.00,NULL,-100.0,6.00,0.00,0.00,69.95
27,"Maven Toys Oaxaca 1","Oaxaca","Downtown",22,"Monopoly","Games",13.99,19.99,NULL,"inventory_record_missing",0,0,0.00,NULL,NULL,6.00,0.00,0.00,NULL
28,"Maven Toys Puebla 2","Puebla","Downtown",22,"Monopoly","Games",13.99,19.99,NULL,"inventory_record_missing",0,0,0.00,NULL,NULL,6.00,0.00,0.00,NULL
29,"Maven Toys Xalapa 1","Xalapa","Commercial",22,"Monopoly","Games",13.99,19.99,NULL,"inventory_record_missing",0,0,0.00,NULL,NULL,6.00,0.00,0.00,NULL
30,"Maven Toys Guadalajara 3","Guadalajara","Airport",22,"Monopoly","Games",13.99,19.99,NULL,"inventory_record_missing",0,0,0.00,NULL,NULL,6.00,0.00,0.00,NULL
31,"Maven Toys Ciudad de Mexico 2","Ciudad de Mexico","Airport",22,"Monopoly","Games",13.99,19.99,NULL,"inventory_record_missing",0,0,0.00,NULL,NULL,6.00,0.00,0.00,NULL
32,"Maven Toys Hermosillo 1","Hermosillo","Residential",22,"Monopoly","Games",13.99,19.99,NULL,"inventory_record_missing",0,0,0.00,NULL,NULL,6.00,0.00,0.00,NULL
33,"Maven Toys Monterrey 3","Monterrey","Airport",22,"Monopoly","Games",13.99,19.99,5,"positive_stock",14,33,0.37,13.6,135.7,6.00,659.67,198.00,69.95
34,"Maven Toys Villahermosa 1","Villahermosa","Downtown",22,"Monopoly","Games",13.99,19.99,15,"positive_stock",18,31,0.34,43.5,72.2,6.00,619.69,186.00,209.85
35,"Maven Toys Chilpancingo 1","Chilpancingo","Downtown",22,"Monopoly","Games",13.99,19.99,NULL,"inventory_record_missing",0,0,0.00,NULL,NULL,6.00,0.00,0.00,NULL
36,"Maven Toys Morelia 1","Morelia","Downtown",22,"Monopoly","Games",13.99,19.99,21,"positive_stock",0,0,0.00,NULL,NULL,6.00,0.00,0.00,293.79
37,"Maven Toys Ciudad de Mexico 3","Ciudad de Mexico","Residential",22,"Monopoly","Games",13.99,19.99,9,"positive_stock",20,13,0.14,62.3,-35.0,6.00,259.87,78.00,125.91
38,"Maven Toys Chihuahua 2","Chihuahua","Downtown",22,"Monopoly","Games",13.99,19.99,8,"positive_stock",17,23,0.26,31.3,35.3,6.00,459.77,138.00,111.92
39,"Maven Toys Xalapa 2","Xalapa","Downtown",22,"Monopoly","Games",13.99,19.99,NULL,"inventory_record_missing",0,0,0.00,NULL,NULL,6.00,0.00,0.00,NULL
40,"Maven Toys Toluca 2","Toluca","Commercial",22,"Monopoly","Games",13.99,19.99,NULL,"inventory_record_missing",0,0,0.00,NULL,NULL,6.00,0.00,0.00,NULL
41,"Maven Toys Hermosillo 2","Hermosillo","Downtown",22,"Monopoly","Games",13.99,19.99,9,"positive_stock",0,11,0.12,73.6,NULL,6.00,219.89,66.00,125.91
42,"Maven Toys Hermosillo 3","Hermosillo","Commercial",22,"Monopoly","Games",13.99,19.99,7,"positive_stock",44,7,0.08,90.0,-84.1,6.00,139.93,42.00,97.93
43,"Maven Toys Durango 1","Durango","Downtown",22,"Monopoly","Games",13.99,19.99,NULL,"inventory_record_missing",0,0,0.00,NULL,NULL,6.00,0.00,0.00,NULL
44,"Maven Toys Puebla 3","Puebla","Residential",22,"Monopoly","Games",13.99,19.99,NULL,"inventory_record_missing",0,0,0.00,NULL,NULL,6.00,0.00,0.00,NULL
45,"Maven Toys Ciudad de Mexico 4","Ciudad de Mexico","Commercial",22,"Monopoly","Games",13.99,19.99,NULL,"inventory_record_missing",0,0,0.00,NULL,NULL,6.00,0.00,0.00,NULL
46,"Maven Toys Guadalajara 4","Guadalajara","Downtown",22,"Monopoly","Games",13.99,19.99,NULL,"inventory_record_missing",0,0,0.00,NULL,NULL,6.00,0.00,0.00,NULL
47,"Maven Toys Monterrey 4","Monterrey","Commercial",22,"Monopoly","Games",13.99,19.99,NULL,"inventory_record_missing",0,0,0.00,NULL,NULL,6.00,0.00,0.00,NULL
48,"Maven Toys Saltillo 2","Saltillo","Commercial",22,"Monopoly","Games",13.99,19.99,2,"positive_stock",1,35,0.39,5.1,3400.0,6.00,699.65,210.00,27.98
49,"Maven Toys Culiacan 1","Culiacan","Downtown",22,"Monopoly","Games",13.99,19.99,8,"positive_stock",48,19,0.21,37.9,-60.4,6.00,379.81,114.00,111.92
50,"Maven Toys Guanajuato 3","Guanajuato","Residential",22,"Monopoly","Games",13.99,19.99,1,"positive_stock",60,8,0.09,11.3,-86.7,6.00,159.92,48.00,13.99
1,"Maven Toys Guadalajara 1","Guadalajara","Residential",23,"Mr. Potatohead","Toys",4.99,9.99,1,"positive_stock",86,73,0.81,1.2,-15.1,5.00,729.27,365.00,4.99
2,"Maven Toys Monterrey 1","Monterrey","Residential",23,"Mr. Potatohead","Toys",4.99,9.99,8,"positive_stock",9,34,0.38,21.2,277.8,5.00,339.66,170.00,39.92
3,"Maven Toys Guadalajara 2","Guadalajara","Commercial",23,"Mr. Potatohead","Toys",4.99,9.99,13,"positive_stock",54,24,0.27,48.8,-55.6,5.00,239.76,120.00,64.87
4,"Maven Toys Saltillo 1","Saltillo","Downtown",23,"Mr. Potatohead","Toys",4.99,9.99,26,"positive_stock",74,74,0.82,31.6,0.0,5.00,739.26,370.00,129.74
5,"Maven Toys La Paz 1","La Paz","Downtown",23,"Mr. Potatohead","Toys",4.99,9.99,11,"positive_stock",75,34,0.38,29.1,-54.7,5.00,339.66,170.00,54.89
6,"Maven Toys Mexicali 1","Mexicali","Commercial",23,"Mr. Potatohead","Toys",4.99,9.99,15,"positive_stock",0,25,0.28,54.0,NULL,5.00,249.75,125.00,74.85
7,"Maven Toys Monterrey 2","Monterrey","Downtown",23,"Mr. Potatohead","Toys",4.99,9.99,9,"positive_stock",21,23,0.26,35.2,9.5,5.00,229.77,115.00,44.91
8,"Maven Toys Pachuca 1","Pachuca","Downtown",23,"Mr. Potatohead","Toys",4.99,9.99,8,"positive_stock",28,21,0.23,34.3,-25.0,5.00,209.79,105.00,39.92
9,"Maven Toys Ciudad de Mexico 1","Ciudad de Mexico","Downtown",23,"Mr. Potatohead","Toys",4.99,9.99,31,"positive_stock",116,89,0.99,31.3,-23.3,5.00,889.11,445.00,154.69
10,"Maven Toys Campeche 1","Campeche","Downtown",23,"Mr. Potatohead","Toys",4.99,9.99,9,"positive_stock",40,96,1.07,8.4,140.0,5.00,959.04,480.00,44.91
11,"Maven Toys Cuernavaca 1","Cuernavaca","Downtown",23,"Mr. Potatohead","Toys",4.99,9.99,23,"positive_stock",170,82,0.91,25.2,-51.8,5.00,819.18,410.00,114.77
12,"Maven Toys Chetumal 1","Chetumal","Downtown",23,"Mr. Potatohead","Toys",4.99,9.99,15,"positive_stock",0,1,0.01,1350.0,NULL,5.00,9.99,5.00,74.85
13,"Maven Toys Mexicali 2","Mexicali","Downtown",23,"Mr. Potatohead","Toys",4.99,9.99,6,"positive_stock",19,36,0.40,15.0,89.5,5.00,359.64,180.00,29.94
14,"Maven Toys Guanajuato 1","Guanajuato","Downtown",23,"Mr. Potatohead","Toys",4.99,9.99,4,"positive_stock",6,32,0.36,11.3,433.3,5.00,319.68,160.00,19.96
15,"Maven Toys Tuxtla Gutierrez 1","Tuxtla Gutierrez","Downtown",23,"Mr. Potatohead","Toys",4.99,9.99,18,"positive_stock",0,44,0.49,36.8,NULL,5.00,439.56,220.00,89.82
16,"Maven Toys San Luis Potosi 1","San Luis Potosi","Downtown",23,"Mr. Potatohead","Toys",4.99,9.99,2,"positive_stock",3,39,0.43,4.6,1200.0,5.00,389.61,195.00,9.98
17,"Maven Toys Toluca 1","Toluca","Downtown",23,"Mr. Potatohead","Toys",4.99,9.99,13,"positive_stock",21,12,0.13,97.5,-42.9,5.00,119.88,60.00,64.87
18,"Maven Toys Merida 1","Merida","Downtown",23,"Mr. Potatohead","Toys",4.99,9.99,16,"positive_stock",32,5,0.06,288.0,-84.4,5.00,49.95,25.00,79.84
19,"Maven Toys Puebla 1","Puebla","Commercial",23,"Mr. Potatohead","Toys",4.99,9.99,10,"positive_stock",36,33,0.37,27.3,-8.3,5.00,329.67,165.00,49.90
20,"Maven Toys Zacatecas 1","Zacatecas","Downtown",23,"Mr. Potatohead","Toys",4.99,9.99,12,"positive_stock",48,39,0.43,27.7,-18.8,5.00,389.61,195.00,59.88
21,"Maven Toys Santiago 1","Santiago","Downtown",23,"Mr. Potatohead","Toys",4.99,9.99,30,"positive_stock",111,4,0.04,675.0,-96.4,5.00,39.96,20.00,149.70
22,"Maven Toys Guanajuato 2","Guanajuato","Commercial",23,"Mr. Potatohead","Toys",4.99,9.99,7,"positive_stock",24,29,0.32,21.7,20.8,5.00,289.71,145.00,34.93
23,"Maven Toys Chihuahua 1","Chihuahua","Commercial",23,"Mr. Potatohead","Toys",4.99,9.99,8,"positive_stock",53,29,0.32,24.8,-45.3,5.00,289.71,145.00,39.92
24,"Maven Toys Aguascalientes 1","Aguascalientes","Downtown",23,"Mr. Potatohead","Toys",4.99,9.99,16,"positive_stock",30,31,0.34,46.5,3.3,5.00,309.69,155.00,79.84
25,"Maven Toys Ciudad Victoria 1","Ciudad Victoria","Downtown",23,"Mr. Potatohead","Toys",4.99,9.99,10,"positive_stock",48,35,0.39,25.7,-27.1,5.00,349.65,175.00,49.90
26,"Maven Toys Campeche 2","Campeche","Commercial",23,"Mr. Potatohead","Toys",4.99,9.99,4,"positive_stock",7,66,0.73,5.5,842.9,5.00,659.34,330.00,19.96
27,"Maven Toys Oaxaca 1","Oaxaca","Downtown",23,"Mr. Potatohead","Toys",4.99,9.99,16,"positive_stock",18,11,0.12,130.9,-38.9,5.00,109.89,55.00,79.84
28,"Maven Toys Puebla 2","Puebla","Downtown",23,"Mr. Potatohead","Toys",4.99,9.99,24,"positive_stock",49,40,0.44,54.0,-18.4,5.00,399.60,200.00,119.76
29,"Maven Toys Xalapa 1","Xalapa","Commercial",23,"Mr. Potatohead","Toys",4.99,9.99,37,"positive_stock",13,41,0.46,81.2,215.4,5.00,409.59,205.00,184.63
30,"Maven Toys Guadalajara 3","Guadalajara","Airport",23,"Mr. Potatohead","Toys",4.99,9.99,12,"positive_stock",17,14,0.16,77.1,-17.6,5.00,139.86,70.00,59.88
31,"Maven Toys Ciudad de Mexico 2","Ciudad de Mexico","Airport",23,"Mr. Potatohead","Toys",4.99,9.99,9,"positive_stock",91,95,1.06,8.5,4.4,5.00,949.05,475.00,44.91
32,"Maven Toys Hermosillo 1","Hermosillo","Residential",23,"Mr. Potatohead","Toys",4.99,9.99,23,"positive_stock",22,58,0.64,35.7,163.6,5.00,579.42,290.00,114.77
33,"Maven Toys Monterrey 3","Monterrey","Airport",23,"Mr. Potatohead","Toys",4.99,9.99,22,"positive_stock",76,72,0.80,27.5,-5.3,5.00,719.28,360.00,109.78
34,"Maven Toys Villahermosa 1","Villahermosa","Downtown",23,"Mr. Potatohead","Toys",4.99,9.99,13,"positive_stock",5,0,0.00,NULL,-100.0,5.00,0.00,0.00,64.87
35,"Maven Toys Chilpancingo 1","Chilpancingo","Downtown",23,"Mr. Potatohead","Toys",4.99,9.99,5,"positive_stock",33,39,0.43,11.5,18.2,5.00,389.61,195.00,24.95
36,"Maven Toys Morelia 1","Morelia","Downtown",23,"Mr. Potatohead","Toys",4.99,9.99,19,"positive_stock",26,0,0.00,NULL,-100.0,5.00,0.00,0.00,94.81
37,"Maven Toys Ciudad de Mexico 3","Ciudad de Mexico","Residential",23,"Mr. Potatohead","Toys",4.99,9.99,0,"confirmed_zero_stock",33,37,0.41,0.0,12.1,5.00,369.63,185.00,0.00
38,"Maven Toys Chihuahua 2","Chihuahua","Downtown",23,"Mr. Potatohead","Toys",4.99,9.99,27,"positive_stock",22,35,0.39,69.4,59.1,5.00,349.65,175.00,134.73
39,"Maven Toys Xalapa 2","Xalapa","Downtown",23,"Mr. Potatohead","Toys",4.99,9.99,5,"positive_stock",120,21,0.23,21.4,-82.5,5.00,209.79,105.00,24.95
40,"Maven Toys Toluca 2","Toluca","Commercial",23,"Mr. Potatohead","Toys",4.99,9.99,10,"positive_stock",22,2,0.02,450.0,-90.9,5.00,19.98,10.00,49.90
41,"Maven Toys Hermosillo 2","Hermosillo","Downtown",23,"Mr. Potatohead","Toys",4.99,9.99,19,"positive_stock",47,96,1.07,17.8,104.3,5.00,959.04,480.00,94.81
42,"Maven Toys Hermosillo 3","Hermosillo","Commercial",23,"Mr. Potatohead","Toys",4.99,9.99,31,"positive_stock",81,5,0.06,558.0,-93.8,5.00,49.95,25.00,154.69
43,"Maven Toys Durango 1","Durango","Downtown",23,"Mr. Potatohead","Toys",4.99,9.99,2,"positive_stock",39,38,0.42,4.7,-2.6,5.00,379.62,190.00,9.98
44,"Maven Toys Puebla 3","Puebla","Residential",23,"Mr. Potatohead","Toys",4.99,9.99,NULL,"inventory_record_missing",0,0,0.00,NULL,NULL,5.00,0.00,0.00,NULL
45,"Maven Toys Ciudad de Mexico 4","Ciudad de Mexico","Commercial",23,"Mr. Potatohead","Toys",4.99,9.99,16,"positive_stock",91,71,0.79,20.3,-22.0,5.00,709.29,355.00,79.84
46,"Maven Toys Guadalajara 4","Guadalajara","Downtown",23,"Mr. Potatohead","Toys",4.99,9.99,23,"positive_stock",89,58,0.64,35.7,-34.8,5.00,579.42,290.00,114.77
47,"Maven Toys Monterrey 4","Monterrey","Commercial",23,"Mr. Potatohead","Toys",4.99,9.99,29,"positive_stock",10,124,1.38,21.0,1140.0,5.00,1238.76,620.00,144.71
48,"Maven Toys Saltillo 2","Saltillo","Commercial",23,"Mr. Potatohead","Toys",4.99,9.99,1,"positive_stock",70,20,0.22,4.5,-71.4,5.00,199.80,100.00,4.99
49,"Maven Toys Culiacan 1","Culiacan","Downtown",23,"Mr. Potatohead","Toys",4.99,9.99,18,"positive_stock",28,49,0.54,33.1,75.0,5.00,489.51,245.00,89.82
50,"Maven Toys Guanajuato 3","Guanajuato","Residential",23,"Mr. Potatohead","Toys",4.99,9.99,23,"positive_stock",163,89,0.99,23.3,-45.4,5.00,889.11,445.00,114.77
1,"Maven Toys Guadalajara 1","Guadalajara","Residential",24,"Nerf Gun","Sports & Outdoors",14.99,19.99,9,"positive_stock",47,114,1.27,7.1,142.6,5.00,2278.86,570.00,134.91
2,"Maven Toys Monterrey 1","Monterrey","Residential",24,"Nerf Gun","Sports & Outdoors",14.99,19.99,39,"positive_stock",78,93,1.03,37.7,19.2,5.00,1859.07,465.00,584.61
3,"Maven Toys Guadalajara 2","Guadalajara","Commercial",24,"Nerf Gun","Sports & Outdoors",14.99,19.99,15,"positive_stock",164,72,0.80,18.8,-56.1,5.00,1439.28,360.00,224.85
4,"Maven Toys Saltillo 1","Saltillo","Downtown",24,"Nerf Gun","Sports & Outdoors",14.99,19.99,20,"positive_stock",180,89,0.99,20.2,-50.6,5.00,1779.11,445.00,299.80
5,"Maven Toys La Paz 1","La Paz","Downtown",24,"Nerf Gun","Sports & Outdoors",14.99,19.99,60,"positive_stock",99,28,0.31,192.9,-71.7,5.00,559.72,140.00,899.40
6,"Maven Toys Mexicali 1","Mexicali","Commercial",24,"Nerf Gun","Sports & Outdoors",14.99,19.99,15,"positive_stock",128,150,1.67,9.0,17.2,5.00,2998.50,750.00,224.85
7,"Maven Toys Monterrey 2","Monterrey","Downtown",24,"Nerf Gun","Sports & Outdoors",14.99,19.99,25,"positive_stock",168,84,0.93,26.8,-50.0,5.00,1679.16,420.00,374.75
8,"Maven Toys Pachuca 1","Pachuca","Downtown",24,"Nerf Gun","Sports & Outdoors",14.99,19.99,7,"positive_stock",181,106,1.18,5.9,-41.4,5.00,2118.94,530.00,104.93
9,"Maven Toys Ciudad de Mexico 1","Ciudad de Mexico","Downtown",24,"Nerf Gun","Sports & Outdoors",14.99,19.99,16,"positive_stock",147,118,1.31,12.2,-19.7,5.00,2358.82,590.00,239.84
10,"Maven Toys Campeche 1","Campeche","Downtown",24,"Nerf Gun","Sports & Outdoors",14.99,19.99,20,"positive_stock",222,149,1.66,12.1,-32.9,5.00,2978.51,745.00,299.80
11,"Maven Toys Cuernavaca 1","Cuernavaca","Downtown",24,"Nerf Gun","Sports & Outdoors",14.99,19.99,39,"positive_stock",86,86,0.96,40.8,0.0,5.00,1719.14,430.00,584.61
12,"Maven Toys Chetumal 1","Chetumal","Downtown",24,"Nerf Gun","Sports & Outdoors",14.99,19.99,34,"positive_stock",107,84,0.93,36.4,-21.5,5.00,1679.16,420.00,509.66
13,"Maven Toys Mexicali 2","Mexicali","Downtown",24,"Nerf Gun","Sports & Outdoors",14.99,19.99,24,"positive_stock",101,149,1.66,14.5,47.5,5.00,2978.51,745.00,359.76
14,"Maven Toys Guanajuato 1","Guanajuato","Downtown",24,"Nerf Gun","Sports & Outdoors",14.99,19.99,10,"positive_stock",108,109,1.21,8.3,0.9,5.00,2178.91,545.00,149.90
15,"Maven Toys Tuxtla Gutierrez 1","Tuxtla Gutierrez","Downtown",24,"Nerf Gun","Sports & Outdoors",14.99,19.99,35,"positive_stock",107,107,1.19,29.4,0.0,5.00,2138.93,535.00,524.65
16,"Maven Toys San Luis Potosi 1","San Luis Potosi","Downtown",24,"Nerf Gun","Sports & Outdoors",14.99,19.99,6,"positive_stock",70,14,0.16,38.6,-80.0,5.00,279.86,70.00,89.94
17,"Maven Toys Toluca 1","Toluca","Downtown",24,"Nerf Gun","Sports & Outdoors",14.99,19.99,27,"positive_stock",231,86,0.96,28.3,-62.8,5.00,1719.14,430.00,404.73
18,"Maven Toys Merida 1","Merida","Downtown",24,"Nerf Gun","Sports & Outdoors",14.99,19.99,26,"positive_stock",113,69,0.77,33.9,-38.9,5.00,1379.31,345.00,389.74
19,"Maven Toys Puebla 1","Puebla","Commercial",24,"Nerf Gun","Sports & Outdoors",14.99,19.99,16,"positive_stock",84,102,1.13,14.1,21.4,5.00,2038.98,510.00,239.84
20,"Maven Toys Zacatecas 1","Zacatecas","Downtown",24,"Nerf Gun","Sports & Outdoors",14.99,19.99,18,"positive_stock",112,57,0.63,28.4,-49.1,5.00,1139.43,285.00,269.82
21,"Maven Toys Santiago 1","Santiago","Downtown",24,"Nerf Gun","Sports & Outdoors",14.99,19.99,19,"positive_stock",56,24,0.27,71.3,-57.1,5.00,479.76,120.00,284.81
22,"Maven Toys Guanajuato 2","Guanajuato","Commercial",24,"Nerf Gun","Sports & Outdoors",14.99,19.99,29,"positive_stock",82,61,0.68,42.8,-25.6,5.00,1219.39,305.00,434.71
23,"Maven Toys Chihuahua 1","Chihuahua","Commercial",24,"Nerf Gun","Sports & Outdoors",14.99,19.99,40,"positive_stock",74,79,0.88,45.6,6.8,5.00,1579.21,395.00,599.60
24,"Maven Toys Aguascalientes 1","Aguascalientes","Downtown",24,"Nerf Gun","Sports & Outdoors",14.99,19.99,4,"positive_stock",78,65,0.72,5.5,-16.7,5.00,1299.35,325.00,59.96
25,"Maven Toys Ciudad Victoria 1","Ciudad Victoria","Downtown",24,"Nerf Gun","Sports & Outdoors",14.99,19.99,10,"positive_stock",42,90,1.00,10.0,114.3,5.00,1799.10,450.00,149.90
26,"Maven Toys Campeche 2","Campeche","Commercial",24,"Nerf Gun","Sports & Outdoors",14.99,19.99,11,"positive_stock",114,84,0.93,11.8,-26.3,5.00,1679.16,420.00,164.89
27,"Maven Toys Oaxaca 1","Oaxaca","Downtown",24,"Nerf Gun","Sports & Outdoors",14.99,19.99,46,"positive_stock",59,70,0.78,59.1,18.6,5.00,1399.30,350.00,689.54
28,"Maven Toys Puebla 2","Puebla","Downtown",24,"Nerf Gun","Sports & Outdoors",14.99,19.99,19,"positive_stock",164,88,0.98,19.4,-46.3,5.00,1759.12,440.00,284.81
29,"Maven Toys Xalapa 1","Xalapa","Commercial",24,"Nerf Gun","Sports & Outdoors",14.99,19.99,14,"positive_stock",46,175,1.94,7.2,280.4,5.00,3498.25,875.00,209.86
30,"Maven Toys Guadalajara 3","Guadalajara","Airport",24,"Nerf Gun","Sports & Outdoors",14.99,19.99,23,"positive_stock",126,157,1.74,13.2,24.6,5.00,3138.43,785.00,344.77
31,"Maven Toys Ciudad de Mexico 2","Ciudad de Mexico","Airport",24,"Nerf Gun","Sports & Outdoors",14.99,19.99,29,"positive_stock",215,309,3.43,8.4,43.7,5.00,6176.91,1545.00,434.71
32,"Maven Toys Hermosillo 1","Hermosillo","Residential",24,"Nerf Gun","Sports & Outdoors",14.99,19.99,42,"positive_stock",91,16,0.18,236.3,-82.4,5.00,319.84,80.00,629.58
33,"Maven Toys Monterrey 3","Monterrey","Airport",24,"Nerf Gun","Sports & Outdoors",14.99,19.99,27,"positive_stock",172,121,1.34,20.1,-29.7,5.00,2418.79,605.00,404.73
34,"Maven Toys Villahermosa 1","Villahermosa","Downtown",24,"Nerf Gun","Sports & Outdoors",14.99,19.99,28,"positive_stock",113,97,1.08,26.0,-14.2,5.00,1939.03,485.00,419.72
35,"Maven Toys Chilpancingo 1","Chilpancingo","Downtown",24,"Nerf Gun","Sports & Outdoors",14.99,19.99,44,"positive_stock",74,49,0.54,80.8,-33.8,5.00,979.51,245.00,659.56
36,"Maven Toys Morelia 1","Morelia","Downtown",24,"Nerf Gun","Sports & Outdoors",14.99,19.99,9,"positive_stock",138,132,1.47,6.1,-4.3,5.00,2638.68,660.00,134.91
37,"Maven Toys Ciudad de Mexico 3","Ciudad de Mexico","Residential",24,"Nerf Gun","Sports & Outdoors",14.99,19.99,27,"positive_stock",200,85,0.94,28.6,-57.5,5.00,1699.15,425.00,404.73
38,"Maven Toys Chihuahua 2","Chihuahua","Downtown",24,"Nerf Gun","Sports & Outdoors",14.99,19.99,11,"positive_stock",47,66,0.73,15.0,40.4,5.00,1319.34,330.00,164.89
39,"Maven Toys Xalapa 2","Xalapa","Downtown",24,"Nerf Gun","Sports & Outdoors",14.99,19.99,58,"positive_stock",139,117,1.30,44.6,-15.8,5.00,2338.83,585.00,869.42
40,"Maven Toys Toluca 2","Toluca","Commercial",24,"Nerf Gun","Sports & Outdoors",14.99,19.99,33,"positive_stock",115,58,0.64,51.2,-49.6,5.00,1159.42,290.00,494.67
41,"Maven Toys Hermosillo 2","Hermosillo","Downtown",24,"Nerf Gun","Sports & Outdoors",14.99,19.99,4,"positive_stock",64,111,1.23,3.2,73.4,5.00,2218.89,555.00,59.96
42,"Maven Toys Hermosillo 3","Hermosillo","Commercial",24,"Nerf Gun","Sports & Outdoors",14.99,19.99,69,"positive_stock",115,71,0.79,87.5,-38.3,5.00,1419.29,355.00,1034.31
43,"Maven Toys Durango 1","Durango","Downtown",24,"Nerf Gun","Sports & Outdoors",14.99,19.99,16,"positive_stock",117,163,1.81,8.8,39.3,5.00,3258.37,815.00,239.84
44,"Maven Toys Puebla 3","Puebla","Residential",24,"Nerf Gun","Sports & Outdoors",14.99,19.99,6,"positive_stock",72,66,0.73,8.2,-8.3,5.00,1319.34,330.00,89.94
45,"Maven Toys Ciudad de Mexico 4","Ciudad de Mexico","Commercial",24,"Nerf Gun","Sports & Outdoors",14.99,19.99,26,"positive_stock",192,96,1.07,24.4,-50.0,5.00,1919.04,480.00,389.74
46,"Maven Toys Guadalajara 4","Guadalajara","Downtown",24,"Nerf Gun","Sports & Outdoors",14.99,19.99,10,"positive_stock",107,131,1.46,6.9,22.4,5.00,2618.69,655.00,149.90
47,"Maven Toys Monterrey 4","Monterrey","Commercial",24,"Nerf Gun","Sports & Outdoors",14.99,19.99,24,"positive_stock",155,133,1.48,16.2,-14.2,5.00,2658.67,665.00,359.76
48,"Maven Toys Saltillo 2","Saltillo","Commercial",24,"Nerf Gun","Sports & Outdoors",14.99,19.99,40,"positive_stock",51,72,0.80,50.0,41.2,5.00,1439.28,360.00,599.60
49,"Maven Toys Culiacan 1","Culiacan","Downtown",24,"Nerf Gun","Sports & Outdoors",14.99,19.99,23,"positive_stock",59,146,1.62,14.2,147.5,5.00,2918.54,730.00,344.77
50,"Maven Toys Guanajuato 3","Guanajuato","Residential",24,"Nerf Gun","Sports & Outdoors",14.99,19.99,10,"positive_stock",120,111,1.23,8.1,-7.5,5.00,2218.89,555.00,149.90
1,"Maven Toys Guadalajara 1","Guadalajara","Residential",25,"PlayDoh Can","Art & Crafts",1.99,2.99,54,"positive_stock",399,339,3.77,14.3,-15.0,1.00,1013.61,339.00,107.46
2,"Maven Toys Monterrey 1","Monterrey","Residential",25,"PlayDoh Can","Art & Crafts",1.99,2.99,32,"positive_stock",557,252,2.80,11.4,-54.8,1.00,753.48,252.00,63.68
3,"Maven Toys Guadalajara 2","Guadalajara","Commercial",25,"PlayDoh Can","Art & Crafts",1.99,2.99,44,"positive_stock",262,266,2.96,14.9,1.5,1.00,795.34,266.00,87.56
4,"Maven Toys Saltillo 1","Saltillo","Downtown",25,"PlayDoh Can","Art & Crafts",1.99,2.99,18,"positive_stock",482,529,5.88,3.1,9.8,1.00,1581.71,529.00,35.82
5,"Maven Toys La Paz 1","La Paz","Downtown",25,"PlayDoh Can","Art & Crafts",1.99,2.99,9,"positive_stock",239,329,3.66,2.5,37.7,1.00,983.71,329.00,17.91
6,"Maven Toys Mexicali 1","Mexicali","Commercial",25,"PlayDoh Can","Art & Crafts",1.99,2.99,62,"positive_stock",276,232,2.58,24.1,-15.9,1.00,693.68,232.00,123.38
7,"Maven Toys Monterrey 2","Monterrey","Downtown",25,"PlayDoh Can","Art & Crafts",1.99,2.99,10,"positive_stock",1025,728,8.09,1.2,-29.0,1.00,2176.72,728.00,19.90
8,"Maven Toys Pachuca 1","Pachuca","Downtown",25,"PlayDoh Can","Art & Crafts",1.99,2.99,71,"positive_stock",361,296,3.29,21.6,-18.0,1.00,885.04,296.00,141.29
9,"Maven Toys Ciudad de Mexico 1","Ciudad de Mexico","Downtown",25,"PlayDoh Can","Art & Crafts",1.99,2.99,4,"positive_stock",579,327,3.63,1.1,-43.5,1.00,977.73,327.00,7.96
10,"Maven Toys Campeche 1","Campeche","Downtown",25,"PlayDoh Can","Art & Crafts",1.99,2.99,68,"positive_stock",328,117,1.30,52.3,-64.3,1.00,349.83,117.00,135.32
11,"Maven Toys Cuernavaca 1","Cuernavaca","Downtown",25,"PlayDoh Can","Art & Crafts",1.99,2.99,70,"positive_stock",562,263,2.92,24.0,-53.2,1.00,786.37,263.00,139.30
12,"Maven Toys Chetumal 1","Chetumal","Downtown",25,"PlayDoh Can","Art & Crafts",1.99,2.99,23,"positive_stock",200,312,3.47,6.6,56.0,1.00,932.88,312.00,45.77
13,"Maven Toys Mexicali 2","Mexicali","Downtown",25,"PlayDoh Can","Art & Crafts",1.99,2.99,37,"positive_stock",281,263,2.92,12.7,-6.4,1.00,786.37,263.00,73.63
14,"Maven Toys Guanajuato 1","Guanajuato","Downtown",25,"PlayDoh Can","Art & Crafts",1.99,2.99,15,"positive_stock",891,647,7.19,2.1,-27.4,1.00,1934.53,647.00,29.85
15,"Maven Toys Tuxtla Gutierrez 1","Tuxtla Gutierrez","Downtown",25,"PlayDoh Can","Art & Crafts",1.99,2.99,43,"positive_stock",343,232,2.58,16.7,-32.4,1.00,693.68,232.00,85.57
16,"Maven Toys San Luis Potosi 1","San Luis Potosi","Downtown",25,"PlayDoh Can","Art & Crafts",1.99,2.99,37,"positive_stock",527,409,4.54,8.1,-22.4,1.00,1222.91,409.00,73.63
17,"Maven Toys Toluca 1","Toluca","Downtown",25,"PlayDoh Can","Art & Crafts",1.99,2.99,59,"positive_stock",557,487,5.41,10.9,-12.6,1.00,1456.13,487.00,117.41
18,"Maven Toys Merida 1","Merida","Downtown",25,"PlayDoh Can","Art & Crafts",1.99,2.99,74,"positive_stock",507,334,3.71,19.9,-34.1,1.00,998.66,334.00,147.26
19,"Maven Toys Puebla 1","Puebla","Commercial",25,"PlayDoh Can","Art & Crafts",1.99,2.99,18,"positive_stock",207,272,3.02,6.0,31.4,1.00,813.28,272.00,35.82
20,"Maven Toys Zacatecas 1","Zacatecas","Downtown",25,"PlayDoh Can","Art & Crafts",1.99,2.99,92,"positive_stock",336,355,3.94,23.3,5.7,1.00,1061.45,355.00,183.08
21,"Maven Toys Santiago 1","Santiago","Downtown",25,"PlayDoh Can","Art & Crafts",1.99,2.99,46,"positive_stock",352,403,4.48,10.3,14.5,1.00,1204.97,403.00,91.54
22,"Maven Toys Guanajuato 2","Guanajuato","Commercial",25,"PlayDoh Can","Art & Crafts",1.99,2.99,6,"positive_stock",546,531,5.90,1.0,-2.7,1.00,1587.69,531.00,11.94
23,"Maven Toys Chihuahua 1","Chihuahua","Commercial",25,"PlayDoh Can","Art & Crafts",1.99,2.99,38,"positive_stock",201,194,2.16,17.6,-3.5,1.00,580.06,194.00,75.62
24,"Maven Toys Aguascalientes 1","Aguascalientes","Downtown",25,"PlayDoh Can","Art & Crafts",1.99,2.99,48,"positive_stock",141,224,2.49,19.3,58.9,1.00,669.76,224.00,95.52
25,"Maven Toys Ciudad Victoria 1","Ciudad Victoria","Downtown",25,"PlayDoh Can","Art & Crafts",1.99,2.99,80,"positive_stock",498,437,4.86,16.5,-12.2,1.00,1306.63,437.00,159.20
26,"Maven Toys Campeche 2","Campeche","Commercial",25,"PlayDoh Can","Art & Crafts",1.99,2.99,71,"positive_stock",288,303,3.37,21.1,5.2,1.00,905.97,303.00,141.29
27,"Maven Toys Oaxaca 1","Oaxaca","Downtown",25,"PlayDoh Can","Art & Crafts",1.99,2.99,18,"positive_stock",342,204,2.27,7.9,-40.4,1.00,609.96,204.00,35.82
28,"Maven Toys Puebla 2","Puebla","Downtown",25,"PlayDoh Can","Art & Crafts",1.99,2.99,10,"positive_stock",377,396,4.40,2.3,5.0,1.00,1184.04,396.00,19.90
29,"Maven Toys Xalapa 1","Xalapa","Commercial",25,"PlayDoh Can","Art & Crafts",1.99,2.99,47,"positive_stock",155,146,1.62,29.0,-5.8,1.00,436.54,146.00,93.53
30,"Maven Toys Guadalajara 3","Guadalajara","Airport",25,"PlayDoh Can","Art & Crafts",1.99,2.99,6,"positive_stock",592,319,3.54,1.7,-46.1,1.00,953.81,319.00,11.94
31,"Maven Toys Ciudad de Mexico 2","Ciudad de Mexico","Airport",25,"PlayDoh Can","Art & Crafts",1.99,2.99,94,"positive_stock",794,871,9.68,9.7,9.7,1.00,2604.29,871.00,187.06
32,"Maven Toys Hermosillo 1","Hermosillo","Residential",25,"PlayDoh Can","Art & Crafts",1.99,2.99,20,"positive_stock",444,414,4.60,4.3,-6.8,1.00,1237.86,414.00,39.80
33,"Maven Toys Monterrey 3","Monterrey","Airport",25,"PlayDoh Can","Art & Crafts",1.99,2.99,57,"positive_stock",534,260,2.89,19.7,-51.3,1.00,777.40,260.00,113.43
34,"Maven Toys Villahermosa 1","Villahermosa","Downtown",25,"PlayDoh Can","Art & Crafts",1.99,2.99,131,"positive_stock",617,694,7.71,17.0,12.5,1.00,2075.06,694.00,260.69
35,"Maven Toys Chilpancingo 1","Chilpancingo","Downtown",25,"PlayDoh Can","Art & Crafts",1.99,2.99,14,"positive_stock",528,421,4.68,3.0,-20.3,1.00,1258.79,421.00,27.86
36,"Maven Toys Morelia 1","Morelia","Downtown",25,"PlayDoh Can","Art & Crafts",1.99,2.99,125,"positive_stock",95,127,1.41,88.6,33.7,1.00,379.73,127.00,248.75
37,"Maven Toys Ciudad de Mexico 3","Ciudad de Mexico","Residential",25,"PlayDoh Can","Art & Crafts",1.99,2.99,34,"positive_stock",595,209,2.32,14.6,-64.9,1.00,624.91,209.00,67.66
38,"Maven Toys Chihuahua 2","Chihuahua","Downtown",25,"PlayDoh Can","Art & Crafts",1.99,2.99,57,"positive_stock",162,241,2.68,21.3,48.8,1.00,720.59,241.00,113.43
39,"Maven Toys Xalapa 2","Xalapa","Downtown",25,"PlayDoh Can","Art & Crafts",1.99,2.99,40,"positive_stock",661,787,8.74,4.6,19.1,1.00,2353.13,787.00,79.60
40,"Maven Toys Toluca 2","Toluca","Commercial",25,"PlayDoh Can","Art & Crafts",1.99,2.99,13,"positive_stock",185,355,3.94,3.3,91.9,1.00,1061.45,355.00,25.87
41,"Maven Toys Hermosillo 2","Hermosillo","Downtown",25,"PlayDoh Can","Art & Crafts",1.99,2.99,19,"positive_stock",484,595,6.61,2.9,22.9,1.00,1779.05,595.00,37.81
42,"Maven Toys Hermosillo 3","Hermosillo","Commercial",25,"PlayDoh Can","Art & Crafts",1.99,2.99,46,"positive_stock",455,235,2.61,17.6,-48.4,1.00,702.65,235.00,91.54
43,"Maven Toys Durango 1","Durango","Downtown",25,"PlayDoh Can","Art & Crafts",1.99,2.99,55,"positive_stock",326,507,5.63,9.8,55.5,1.00,1515.93,507.00,109.45
44,"Maven Toys Puebla 3","Puebla","Residential",25,"PlayDoh Can","Art & Crafts",1.99,2.99,26,"positive_stock",545,325,3.61,7.2,-40.4,1.00,971.75,325.00,51.74
45,"Maven Toys Ciudad de Mexico 4","Ciudad de Mexico","Commercial",25,"PlayDoh Can","Art & Crafts",1.99,2.99,57,"positive_stock",397,345,3.83,14.9,-13.1,1.00,1031.55,345.00,113.43
46,"Maven Toys Guadalajara 4","Guadalajara","Downtown",25,"PlayDoh Can","Art & Crafts",1.99,2.99,37,"positive_stock",287,328,3.64,10.2,14.3,1.00,980.72,328.00,73.63
47,"Maven Toys Monterrey 4","Monterrey","Commercial",25,"PlayDoh Can","Art & Crafts",1.99,2.99,14,"positive_stock",171,226,2.51,5.6,32.2,1.00,675.74,226.00,27.86
48,"Maven Toys Saltillo 2","Saltillo","Commercial",25,"PlayDoh Can","Art & Crafts",1.99,2.99,23,"positive_stock",359,414,4.60,5.0,15.3,1.00,1237.86,414.00,45.77
49,"Maven Toys Culiacan 1","Culiacan","Downtown",25,"PlayDoh Can","Art & Crafts",1.99,2.99,23,"positive_stock",650,520,5.78,4.0,-20.0,1.00,1554.80,520.00,45.77
50,"Maven Toys Guanajuato 3","Guanajuato","Residential",25,"PlayDoh Can","Art & Crafts",1.99,2.99,34,"positive_stock",291,286,3.18,10.7,-1.7,1.00,855.14,286.00,67.66
1,"Maven Toys Guadalajara 1","Guadalajara","Residential",26,"PlayDoh Playset","Art & Crafts",20.99,24.99,13,"positive_stock",14,0,0.00,NULL,-100.0,4.00,0.00,0.00,272.87
2,"Maven Toys Monterrey 1","Monterrey","Residential",26,"PlayDoh Playset","Art & Crafts",20.99,24.99,12,"positive_stock",3,21,0.23,51.4,600.0,4.00,524.79,84.00,251.88
3,"Maven Toys Guadalajara 2","Guadalajara","Commercial",26,"PlayDoh Playset","Art & Crafts",20.99,24.99,13,"positive_stock",5,11,0.12,106.4,120.0,4.00,274.89,44.00,272.87
4,"Maven Toys Saltillo 1","Saltillo","Downtown",26,"PlayDoh Playset","Art & Crafts",20.99,24.99,10,"positive_stock",30,5,0.06,180.0,-83.3,4.00,124.95,20.00,209.90
5,"Maven Toys La Paz 1","La Paz","Downtown",26,"PlayDoh Playset","Art & Crafts",20.99,24.99,4,"positive_stock",15,7,0.08,51.4,-53.3,4.00,174.93,28.00,83.96
6,"Maven Toys Mexicali 1","Mexicali","Commercial",26,"PlayDoh Playset","Art & Crafts",20.99,24.99,7,"positive_stock",16,0,0.00,NULL,-100.0,4.00,0.00,0.00,146.93
7,"Maven Toys Monterrey 2","Monterrey","Downtown",26,"PlayDoh Playset","Art & Crafts",20.99,24.99,16,"positive_stock",22,19,0.21,75.8,-13.6,4.00,474.81,76.00,335.84
8,"Maven Toys Pachuca 1","Pachuca","Downtown",26,"PlayDoh Playset","Art & Crafts",20.99,24.99,20,"positive_stock",45,25,0.28,72.0,-44.4,4.00,624.75,100.00,419.80
9,"Maven Toys Ciudad de Mexico 1","Ciudad de Mexico","Downtown",26,"PlayDoh Playset","Art & Crafts",20.99,24.99,21,"positive_stock",5,30,0.33,63.0,500.0,4.00,749.70,120.00,440.79
10,"Maven Toys Campeche 1","Campeche","Downtown",26,"PlayDoh Playset","Art & Crafts",20.99,24.99,9,"positive_stock",14,23,0.26,35.2,64.3,4.00,574.77,92.00,188.91
11,"Maven Toys Cuernavaca 1","Cuernavaca","Downtown",26,"PlayDoh Playset","Art & Crafts",20.99,24.99,10,"positive_stock",37,36,0.40,25.0,-2.7,4.00,899.64,144.00,209.90
12,"Maven Toys Chetumal 1","Chetumal","Downtown",26,"PlayDoh Playset","Art & Crafts",20.99,24.99,20,"positive_stock",10,0,0.00,NULL,-100.0,4.00,0.00,0.00,419.80
13,"Maven Toys Mexicali 2","Mexicali","Downtown",26,"PlayDoh Playset","Art & Crafts",20.99,24.99,2,"positive_stock",12,0,0.00,NULL,-100.0,4.00,0.00,0.00,41.98
14,"Maven Toys Guanajuato 1","Guanajuato","Downtown",26,"PlayDoh Playset","Art & Crafts",20.99,24.99,3,"positive_stock",0,0,0.00,NULL,NULL,4.00,0.00,0.00,62.97
15,"Maven Toys Tuxtla Gutierrez 1","Tuxtla Gutierrez","Downtown",26,"PlayDoh Playset","Art & Crafts",20.99,24.99,17,"positive_stock",5,0,0.00,NULL,-100.0,4.00,0.00,0.00,356.83
16,"Maven Toys San Luis Potosi 1","San Luis Potosi","Downtown",26,"PlayDoh Playset","Art & Crafts",20.99,24.99,19,"positive_stock",0,0,0.00,NULL,NULL,4.00,0.00,0.00,398.81
17,"Maven Toys Toluca 1","Toluca","Downtown",26,"PlayDoh Playset","Art & Crafts",20.99,24.99,25,"positive_stock",24,27,0.30,83.3,12.5,4.00,674.73,108.00,524.75
18,"Maven Toys Merida 1","Merida","Downtown",26,"PlayDoh Playset","Art & Crafts",20.99,24.99,2,"positive_stock",5,36,0.40,5.0,620.0,4.00,899.64,144.00,41.98
19,"Maven Toys Puebla 1","Puebla","Commercial",26,"PlayDoh Playset","Art & Crafts",20.99,24.99,5,"positive_stock",52,12,0.13,37.5,-76.9,4.00,299.88,48.00,104.95
20,"Maven Toys Zacatecas 1","Zacatecas","Downtown",26,"PlayDoh Playset","Art & Crafts",20.99,24.99,12,"positive_stock",0,0,0.00,NULL,NULL,4.00,0.00,0.00,251.88
21,"Maven Toys Santiago 1","Santiago","Downtown",26,"PlayDoh Playset","Art & Crafts",20.99,24.99,21,"positive_stock",29,23,0.26,82.2,-20.7,4.00,574.77,92.00,440.79
22,"Maven Toys Guanajuato 2","Guanajuato","Commercial",26,"PlayDoh Playset","Art & Crafts",20.99,24.99,15,"positive_stock",3,13,0.14,103.8,333.3,4.00,324.87,52.00,314.85
23,"Maven Toys Chihuahua 1","Chihuahua","Commercial",26,"PlayDoh Playset","Art & Crafts",20.99,24.99,15,"positive_stock",26,32,0.36,42.2,23.1,4.00,799.68,128.00,314.85
24,"Maven Toys Aguascalientes 1","Aguascalientes","Downtown",26,"PlayDoh Playset","Art & Crafts",20.99,24.99,21,"positive_stock",8,0,0.00,NULL,-100.0,4.00,0.00,0.00,440.79
25,"Maven Toys Ciudad Victoria 1","Ciudad Victoria","Downtown",26,"PlayDoh Playset","Art & Crafts",20.99,24.99,3,"positive_stock",23,16,0.18,16.9,-30.4,4.00,399.84,64.00,62.97
26,"Maven Toys Campeche 2","Campeche","Commercial",26,"PlayDoh Playset","Art & Crafts",20.99,24.99,4,"positive_stock",30,45,0.50,8.0,50.0,4.00,1124.55,180.00,83.96
27,"Maven Toys Oaxaca 1","Oaxaca","Downtown",26,"PlayDoh Playset","Art & Crafts",20.99,24.99,6,"positive_stock",0,0,0.00,NULL,NULL,4.00,0.00,0.00,125.94
28,"Maven Toys Puebla 2","Puebla","Downtown",26,"PlayDoh Playset","Art & Crafts",20.99,24.99,15,"positive_stock",40,1,0.01,1350.0,-97.5,4.00,24.99,4.00,314.85
29,"Maven Toys Xalapa 1","Xalapa","Commercial",26,"PlayDoh Playset","Art & Crafts",20.99,24.99,2,"positive_stock",0,20,0.22,9.0,NULL,4.00,499.80,80.00,41.98
30,"Maven Toys Guadalajara 3","Guadalajara","Airport",26,"PlayDoh Playset","Art & Crafts",20.99,24.99,13,"positive_stock",100,52,0.58,22.5,-48.0,4.00,1299.48,208.00,272.87
31,"Maven Toys Ciudad de Mexico 2","Ciudad de Mexico","Airport",26,"PlayDoh Playset","Art & Crafts",20.99,24.99,17,"positive_stock",19,35,0.39,43.7,84.2,4.00,874.65,140.00,356.83
32,"Maven Toys Hermosillo 1","Hermosillo","Residential",26,"PlayDoh Playset","Art & Crafts",20.99,24.99,11,"positive_stock",5,0,0.00,NULL,-100.0,4.00,0.00,0.00,230.89
33,"Maven Toys Monterrey 3","Monterrey","Airport",26,"PlayDoh Playset","Art & Crafts",20.99,24.99,5,"positive_stock",32,37,0.41,12.2,15.6,4.00,924.63,148.00,104.95
34,"Maven Toys Villahermosa 1","Villahermosa","Downtown",26,"PlayDoh Playset","Art & Crafts",20.99,24.99,3,"positive_stock",20,5,0.06,54.0,-75.0,4.00,124.95,20.00,62.97
35,"Maven Toys Chilpancingo 1","Chilpancingo","Downtown",26,"PlayDoh Playset","Art & Crafts",20.99,24.99,5,"positive_stock",25,11,0.12,40.9,-56.0,4.00,274.89,44.00,104.95
36,"Maven Toys Morelia 1","Morelia","Downtown",26,"PlayDoh Playset","Art & Crafts",20.99,24.99,7,"positive_stock",6,32,0.36,19.7,433.3,4.00,799.68,128.00,146.93
37,"Maven Toys Ciudad de Mexico 3","Ciudad de Mexico","Residential",26,"PlayDoh Playset","Art & Crafts",20.99,24.99,11,"positive_stock",34,25,0.28,39.6,-26.5,4.00,624.75,100.00,230.89
38,"Maven Toys Chihuahua 2","Chihuahua","Downtown",26,"PlayDoh Playset","Art & Crafts",20.99,24.99,17,"positive_stock",38,22,0.24,69.5,-42.1,4.00,549.78,88.00,356.83
39,"Maven Toys Xalapa 2","Xalapa","Downtown",26,"PlayDoh Playset","Art & Crafts",20.99,24.99,8,"positive_stock",78,31,0.34,23.2,-60.3,4.00,774.69,124.00,167.92
40,"Maven Toys Toluca 2","Toluca","Commercial",26,"PlayDoh Playset","Art & Crafts",20.99,24.99,4,"positive_stock",21,10,0.11,36.0,-52.4,4.00,249.90,40.00,83.96
41,"Maven Toys Hermosillo 2","Hermosillo","Downtown",26,"PlayDoh Playset","Art & Crafts",20.99,24.99,2,"positive_stock",34,44,0.49,4.1,29.4,4.00,1099.56,176.00,41.98
42,"Maven Toys Hermosillo 3","Hermosillo","Commercial",26,"PlayDoh Playset","Art & Crafts",20.99,24.99,18,"positive_stock",31,50,0.56,32.4,61.3,4.00,1249.50,200.00,377.82
43,"Maven Toys Durango 1","Durango","Downtown",26,"PlayDoh Playset","Art & Crafts",20.99,24.99,6,"positive_stock",11,25,0.28,21.6,127.3,4.00,624.75,100.00,125.94
44,"Maven Toys Puebla 3","Puebla","Residential",26,"PlayDoh Playset","Art & Crafts",20.99,24.99,NULL,"inventory_record_missing",0,0,0.00,NULL,NULL,4.00,0.00,0.00,NULL
45,"Maven Toys Ciudad de Mexico 4","Ciudad de Mexico","Commercial",26,"PlayDoh Playset","Art & Crafts",20.99,24.99,14,"positive_stock",15,0,0.00,NULL,-100.0,4.00,0.00,0.00,293.86
46,"Maven Toys Guadalajara 4","Guadalajara","Downtown",26,"PlayDoh Playset","Art & Crafts",20.99,24.99,14,"positive_stock",0,0,0.00,NULL,NULL,4.00,0.00,0.00,293.86
47,"Maven Toys Monterrey 4","Monterrey","Commercial",26,"PlayDoh Playset","Art & Crafts",20.99,24.99,23,"positive_stock",25,39,0.43,53.1,56.0,4.00,974.61,156.00,482.77
48,"Maven Toys Saltillo 2","Saltillo","Commercial",26,"PlayDoh Playset","Art & Crafts",20.99,24.99,2,"positive_stock",14,27,0.30,6.7,92.9,4.00,674.73,108.00,41.98
49,"Maven Toys Culiacan 1","Culiacan","Downtown",26,"PlayDoh Playset","Art & Crafts",20.99,24.99,19,"positive_stock",0,35,0.39,48.9,NULL,4.00,874.65,140.00,398.81
50,"Maven Toys Guanajuato 3","Guanajuato","Residential",26,"PlayDoh Playset","Art & Crafts",20.99,24.99,9,"positive_stock",0,2,0.02,405.0,NULL,4.00,49.98,8.00,188.91
1,"Maven Toys Guadalajara 1","Guadalajara","Residential",27,"PlayDoh Toolkit","Art & Crafts",3.99,4.99,33,"positive_stock",36,46,0.51,64.6,27.8,1.00,229.54,46.00,131.67
2,"Maven Toys Monterrey 1","Monterrey","Residential",27,"PlayDoh Toolkit","Art & Crafts",3.99,4.99,30,"positive_stock",52,38,0.42,71.1,-26.9,1.00,189.62,38.00,119.70
3,"Maven Toys Guadalajara 2","Guadalajara","Commercial",27,"PlayDoh Toolkit","Art & Crafts",3.99,4.99,23,"positive_stock",91,52,0.58,39.8,-42.9,1.00,259.48,52.00,91.77
4,"Maven Toys Saltillo 1","Saltillo","Downtown",27,"PlayDoh Toolkit","Art & Crafts",3.99,4.99,19,"positive_stock",0,59,0.66,29.0,NULL,1.00,294.41,59.00,75.81
5,"Maven Toys La Paz 1","La Paz","Downtown",27,"PlayDoh Toolkit","Art & Crafts",3.99,4.99,45,"positive_stock",56,34,0.38,119.1,-39.3,1.00,169.66,34.00,179.55
6,"Maven Toys Mexicali 1","Mexicali","Commercial",27,"PlayDoh Toolkit","Art & Crafts",3.99,4.99,37,"positive_stock",28,5,0.06,666.0,-82.1,1.00,24.95,5.00,147.63
7,"Maven Toys Monterrey 2","Monterrey","Downtown",27,"PlayDoh Toolkit","Art & Crafts",3.99,4.99,48,"positive_stock",20,36,0.40,120.0,80.0,1.00,179.64,36.00,191.52
8,"Maven Toys Pachuca 1","Pachuca","Downtown",27,"PlayDoh Toolkit","Art & Crafts",3.99,4.99,47,"positive_stock",38,36,0.40,117.5,-5.3,1.00,179.64,36.00,187.53
9,"Maven Toys Ciudad de Mexico 1","Ciudad de Mexico","Downtown",27,"PlayDoh Toolkit","Art & Crafts",3.99,4.99,29,"positive_stock",148,80,0.89,32.6,-45.9,1.00,399.20,80.00,115.71
10,"Maven Toys Campeche 1","Campeche","Downtown",27,"PlayDoh Toolkit","Art & Crafts",3.99,4.99,24,"positive_stock",25,28,0.31,77.1,12.0,1.00,139.72,28.00,95.76
11,"Maven Toys Cuernavaca 1","Cuernavaca","Downtown",27,"PlayDoh Toolkit","Art & Crafts",3.99,4.99,28,"positive_stock",15,111,1.23,22.7,640.0,1.00,553.89,111.00,111.72
12,"Maven Toys Chetumal 1","Chetumal","Downtown",27,"PlayDoh Toolkit","Art & Crafts",3.99,4.99,36,"positive_stock",155,25,0.28,129.6,-83.9,1.00,124.75,25.00,143.64
13,"Maven Toys Mexicali 2","Mexicali","Downtown",27,"PlayDoh Toolkit","Art & Crafts",3.99,4.99,56,"positive_stock",106,15,0.17,336.0,-85.8,1.00,74.85,15.00,223.44
14,"Maven Toys Guanajuato 1","Guanajuato","Downtown",27,"PlayDoh Toolkit","Art & Crafts",3.99,4.99,34,"positive_stock",70,63,0.70,48.6,-10.0,1.00,314.37,63.00,135.66
15,"Maven Toys Tuxtla Gutierrez 1","Tuxtla Gutierrez","Downtown",27,"PlayDoh Toolkit","Art & Crafts",3.99,4.99,26,"positive_stock",24,25,0.28,93.6,4.2,1.00,124.75,25.00,103.74
16,"Maven Toys San Luis Potosi 1","San Luis Potosi","Downtown",27,"PlayDoh Toolkit","Art & Crafts",3.99,4.99,15,"positive_stock",96,51,0.57,26.5,-46.9,1.00,254.49,51.00,59.85
17,"Maven Toys Toluca 1","Toluca","Downtown",27,"PlayDoh Toolkit","Art & Crafts",3.99,4.99,12,"positive_stock",90,94,1.04,11.5,4.4,1.00,469.06,94.00,47.88
18,"Maven Toys Merida 1","Merida","Downtown",27,"PlayDoh Toolkit","Art & Crafts",3.99,4.99,40,"positive_stock",39,44,0.49,81.8,12.8,1.00,219.56,44.00,159.60
19,"Maven Toys Puebla 1","Puebla","Commercial",27,"PlayDoh Toolkit","Art & Crafts",3.99,4.99,27,"positive_stock",58,68,0.76,35.7,17.2,1.00,339.32,68.00,107.73
20,"Maven Toys Zacatecas 1","Zacatecas","Downtown",27,"PlayDoh Toolkit","Art & Crafts",3.99,4.99,12,"positive_stock",49,135,1.50,8.0,175.5,1.00,673.65,135.00,47.88
21,"Maven Toys Santiago 1","Santiago","Downtown",27,"PlayDoh Toolkit","Art & Crafts",3.99,4.99,54,"positive_stock",76,39,0.43,124.6,-48.7,1.00,194.61,39.00,215.46
22,"Maven Toys Guanajuato 2","Guanajuato","Commercial",27,"PlayDoh Toolkit","Art & Crafts",3.99,4.99,45,"positive_stock",50,48,0.53,84.4,-4.0,1.00,239.52,48.00,179.55
23,"Maven Toys Chihuahua 1","Chihuahua","Commercial",27,"PlayDoh Toolkit","Art & Crafts",3.99,4.99,7,"positive_stock",51,35,0.39,18.0,-31.4,1.00,174.65,35.00,27.93
24,"Maven Toys Aguascalientes 1","Aguascalientes","Downtown",27,"PlayDoh Toolkit","Art & Crafts",3.99,4.99,50,"positive_stock",56,64,0.71,70.3,14.3,1.00,319.36,64.00,199.50
25,"Maven Toys Ciudad Victoria 1","Ciudad Victoria","Downtown",27,"PlayDoh Toolkit","Art & Crafts",3.99,4.99,29,"positive_stock",31,97,1.08,26.9,212.9,1.00,484.03,97.00,115.71
26,"Maven Toys Campeche 2","Campeche","Commercial",27,"PlayDoh Toolkit","Art & Crafts",3.99,4.99,8,"positive_stock",48,30,0.33,24.0,-37.5,1.00,149.70,30.00,31.92
27,"Maven Toys Oaxaca 1","Oaxaca","Downtown",27,"PlayDoh Toolkit","Art & Crafts",3.99,4.99,11,"positive_stock",13,32,0.36,30.9,146.2,1.00,159.68,32.00,43.89
28,"Maven Toys Puebla 2","Puebla","Downtown",27,"PlayDoh Toolkit","Art & Crafts",3.99,4.99,24,"positive_stock",2,31,0.34,69.7,1450.0,1.00,154.69,31.00,95.76
29,"Maven Toys Xalapa 1","Xalapa","Commercial",27,"PlayDoh Toolkit","Art & Crafts",3.99,4.99,27,"positive_stock",74,91,1.01,26.7,23.0,1.00,454.09,91.00,107.73
30,"Maven Toys Guadalajara 3","Guadalajara","Airport",27,"PlayDoh Toolkit","Art & Crafts",3.99,4.99,29,"positive_stock",123,101,1.12,25.8,-17.9,1.00,503.99,101.00,115.71
31,"Maven Toys Ciudad de Mexico 2","Ciudad de Mexico","Airport",27,"PlayDoh Toolkit","Art & Crafts",3.99,4.99,27,"positive_stock",108,144,1.60,16.9,33.3,1.00,718.56,144.00,107.73
32,"Maven Toys Hermosillo 1","Hermosillo","Residential",27,"PlayDoh Toolkit","Art & Crafts",3.99,4.99,53,"positive_stock",58,118,1.31,40.4,103.4,1.00,588.82,118.00,211.47
33,"Maven Toys Monterrey 3","Monterrey","Airport",27,"PlayDoh Toolkit","Art & Crafts",3.99,4.99,6,"positive_stock",84,114,1.27,4.7,35.7,1.00,568.86,114.00,23.94
34,"Maven Toys Villahermosa 1","Villahermosa","Downtown",27,"PlayDoh Toolkit","Art & Crafts",3.99,4.99,12,"positive_stock",59,39,0.43,27.7,-33.9,1.00,194.61,39.00,47.88
35,"Maven Toys Chilpancingo 1","Chilpancingo","Downtown",27,"PlayDoh Toolkit","Art & Crafts",3.99,4.99,16,"positive_stock",45,57,0.63,25.3,26.7,1.00,284.43,57.00,63.84
36,"Maven Toys Morelia 1","Morelia","Downtown",27,"PlayDoh Toolkit","Art & Crafts",3.99,4.99,46,"positive_stock",47,0,0.00,NULL,-100.0,1.00,0.00,0.00,183.54
37,"Maven Toys Ciudad de Mexico 3","Ciudad de Mexico","Residential",27,"PlayDoh Toolkit","Art & Crafts",3.99,4.99,18,"positive_stock",50,15,0.17,108.0,-70.0,1.00,74.85,15.00,71.82
38,"Maven Toys Chihuahua 2","Chihuahua","Downtown",27,"PlayDoh Toolkit","Art & Crafts",3.99,4.99,24,"positive_stock",40,64,0.71,33.8,60.0,1.00,319.36,64.00,95.76
39,"Maven Toys Xalapa 2","Xalapa","Downtown",27,"PlayDoh Toolkit","Art & Crafts",3.99,4.99,16,"positive_stock",151,88,0.98,16.4,-41.7,1.00,439.12,88.00,63.84
40,"Maven Toys Toluca 2","Toluca","Commercial",27,"PlayDoh Toolkit","Art & Crafts",3.99,4.99,25,"positive_stock",47,25,0.28,90.0,-46.8,1.00,124.75,25.00,99.75
41,"Maven Toys Hermosillo 2","Hermosillo","Downtown",27,"PlayDoh Toolkit","Art & Crafts",3.99,4.99,25,"positive_stock",69,86,0.96,26.2,24.6,1.00,429.14,86.00,99.75
42,"Maven Toys Hermosillo 3","Hermosillo","Commercial",27,"PlayDoh Toolkit","Art & Crafts",3.99,4.99,23,"positive_stock",72,59,0.66,35.1,-18.1,1.00,294.41,59.00,91.77
43,"Maven Toys Durango 1","Durango","Downtown",27,"PlayDoh Toolkit","Art & Crafts",3.99,4.99,29,"positive_stock",15,48,0.53,54.4,220.0,1.00,239.52,48.00,115.71
44,"Maven Toys Puebla 3","Puebla","Residential",27,"PlayDoh Toolkit","Art & Crafts",3.99,4.99,24,"positive_stock",36,41,0.46,52.7,13.9,1.00,204.59,41.00,95.76
45,"Maven Toys Ciudad de Mexico 4","Ciudad de Mexico","Commercial",27,"PlayDoh Toolkit","Art & Crafts",3.99,4.99,14,"positive_stock",26,45,0.50,28.0,73.1,1.00,224.55,45.00,55.86
46,"Maven Toys Guadalajara 4","Guadalajara","Downtown",27,"PlayDoh Toolkit","Art & Crafts",3.99,4.99,25,"positive_stock",58,44,0.49,51.1,-24.1,1.00,219.56,44.00,99.75
47,"Maven Toys Monterrey 4","Monterrey","Commercial",27,"PlayDoh Toolkit","Art & Crafts",3.99,4.99,36,"positive_stock",32,66,0.73,49.1,106.3,1.00,329.34,66.00,143.64
48,"Maven Toys Saltillo 2","Saltillo","Commercial",27,"PlayDoh Toolkit","Art & Crafts",3.99,4.99,17,"positive_stock",7,22,0.24,69.5,214.3,1.00,109.78,22.00,67.83
49,"Maven Toys Culiacan 1","Culiacan","Downtown",27,"PlayDoh Toolkit","Art & Crafts",3.99,4.99,32,"positive_stock",91,114,1.27,25.3,25.3,1.00,568.86,114.00,127.68
50,"Maven Toys Guanajuato 3","Guanajuato","Residential",27,"PlayDoh Toolkit","Art & Crafts",3.99,4.99,14,"positive_stock",81,32,0.36,39.4,-60.5,1.00,159.68,32.00,55.86
1,"Maven Toys Guadalajara 1","Guadalajara","Residential",28,"Playfoam","Art & Crafts",3.99,10.99,10,"positive_stock",0,117,1.30,7.7,NULL,7.00,1285.83,819.00,39.90
2,"Maven Toys Monterrey 1","Monterrey","Residential",28,"Playfoam","Art & Crafts",3.99,10.99,2,"positive_stock",0,48,0.53,3.8,NULL,7.00,527.52,336.00,7.98
3,"Maven Toys Guadalajara 2","Guadalajara","Commercial",28,"Playfoam","Art & Crafts",3.99,10.99,10,"positive_stock",0,61,0.68,14.8,NULL,7.00,670.39,427.00,39.90
4,"Maven Toys Saltillo 1","Saltillo","Downtown",28,"Playfoam","Art & Crafts",3.99,10.99,6,"positive_stock",0,55,0.61,9.8,NULL,7.00,604.45,385.00,23.94
5,"Maven Toys La Paz 1","La Paz","Downtown",28,"Playfoam","Art & Crafts",3.99,10.99,0,"confirmed_zero_stock",0,34,0.38,0.0,NULL,7.00,373.66,238.00,0.00
6,"Maven Toys Mexicali 1","Mexicali","Commercial",28,"Playfoam","Art & Crafts",3.99,10.99,2,"positive_stock",0,18,0.20,10.0,NULL,7.00,197.82,126.00,7.98
7,"Maven Toys Monterrey 2","Monterrey","Downtown",28,"Playfoam","Art & Crafts",3.99,10.99,0,"confirmed_zero_stock",0,116,1.29,0.0,NULL,7.00,1274.84,812.00,0.00
8,"Maven Toys Pachuca 1","Pachuca","Downtown",28,"Playfoam","Art & Crafts",3.99,10.99,20,"positive_stock",0,16,0.18,112.5,NULL,7.00,175.84,112.00,79.80
9,"Maven Toys Ciudad de Mexico 1","Ciudad de Mexico","Downtown",28,"Playfoam","Art & Crafts",3.99,10.99,9,"positive_stock",0,36,0.40,22.5,NULL,7.00,395.64,252.00,35.91
10,"Maven Toys Campeche 1","Campeche","Downtown",28,"Playfoam","Art & Crafts",3.99,10.99,19,"positive_stock",0,49,0.54,34.9,NULL,7.00,538.51,343.00,75.81
11,"Maven Toys Cuernavaca 1","Cuernavaca","Downtown",28,"Playfoam","Art & Crafts",3.99,10.99,11,"positive_stock",0,85,0.94,11.6,NULL,7.00,934.15,595.00,43.89
12,"Maven Toys Chetumal 1","Chetumal","Downtown",28,"Playfoam","Art & Crafts",3.99,10.99,10,"positive_stock",0,24,0.27,37.5,NULL,7.00,263.76,168.00,39.90
13,"Maven Toys Mexicali 2","Mexicali","Downtown",28,"Playfoam","Art & Crafts",3.99,10.99,0,"confirmed_zero_stock",0,17,0.19,0.0,NULL,7.00,186.83,119.00,0.00
14,"Maven Toys Guanajuato 1","Guanajuato","Downtown",28,"Playfoam","Art & Crafts",3.99,10.99,22,"positive_stock",0,63,0.70,31.4,NULL,7.00,692.37,441.00,87.78
15,"Maven Toys Tuxtla Gutierrez 1","Tuxtla Gutierrez","Downtown",28,"Playfoam","Art & Crafts",3.99,10.99,2,"positive_stock",0,33,0.37,5.5,NULL,7.00,362.67,231.00,7.98
16,"Maven Toys San Luis Potosi 1","San Luis Potosi","Downtown",28,"Playfoam","Art & Crafts",3.99,10.99,0,"confirmed_zero_stock",0,92,1.02,0.0,NULL,7.00,1011.08,644.00,0.00
17,"Maven Toys Toluca 1","Toluca","Downtown",28,"Playfoam","Art & Crafts",3.99,10.99,3,"positive_stock",0,163,1.81,1.7,NULL,7.00,1791.37,1141.00,11.97
18,"Maven Toys Merida 1","Merida","Downtown",28,"Playfoam","Art & Crafts",3.99,10.99,0,"confirmed_zero_stock",0,67,0.74,0.0,NULL,7.00,736.33,469.00,0.00
19,"Maven Toys Puebla 1","Puebla","Commercial",28,"Playfoam","Art & Crafts",3.99,10.99,6,"positive_stock",0,26,0.29,20.8,NULL,7.00,285.74,182.00,23.94
20,"Maven Toys Zacatecas 1","Zacatecas","Downtown",28,"Playfoam","Art & Crafts",3.99,10.99,3,"positive_stock",0,68,0.76,4.0,NULL,7.00,747.32,476.00,11.97
21,"Maven Toys Santiago 1","Santiago","Downtown",28,"Playfoam","Art & Crafts",3.99,10.99,7,"positive_stock",0,50,0.56,12.6,NULL,7.00,549.50,350.00,27.93
22,"Maven Toys Guanajuato 2","Guanajuato","Commercial",28,"Playfoam","Art & Crafts",3.99,10.99,0,"confirmed_zero_stock",0,159,1.77,0.0,NULL,7.00,1747.41,1113.00,0.00
23,"Maven Toys Chihuahua 1","Chihuahua","Commercial",28,"Playfoam","Art & Crafts",3.99,10.99,48,"positive_stock",0,91,1.01,47.5,NULL,7.00,1000.09,637.00,191.52
24,"Maven Toys Aguascalientes 1","Aguascalientes","Downtown",28,"Playfoam","Art & Crafts",3.99,10.99,0,"confirmed_zero_stock",0,72,0.80,0.0,NULL,7.00,791.28,504.00,0.00
25,"Maven Toys Ciudad Victoria 1","Ciudad Victoria","Downtown",28,"Playfoam","Art & Crafts",3.99,10.99,16,"positive_stock",0,84,0.93,17.1,NULL,7.00,923.16,588.00,63.84
26,"Maven Toys Campeche 2","Campeche","Commercial",28,"Playfoam","Art & Crafts",3.99,10.99,26,"positive_stock",0,118,1.31,19.8,NULL,7.00,1296.82,826.00,103.74
27,"Maven Toys Oaxaca 1","Oaxaca","Downtown",28,"Playfoam","Art & Crafts",3.99,10.99,8,"positive_stock",0,223,2.48,3.2,NULL,7.00,2450.77,1561.00,31.92
28,"Maven Toys Puebla 2","Puebla","Downtown",28,"Playfoam","Art & Crafts",3.99,10.99,3,"positive_stock",0,120,1.33,2.3,NULL,7.00,1318.80,840.00,11.97
29,"Maven Toys Xalapa 1","Xalapa","Commercial",28,"Playfoam","Art & Crafts",3.99,10.99,1,"positive_stock",0,26,0.29,3.5,NULL,7.00,285.74,182.00,3.99
30,"Maven Toys Guadalajara 3","Guadalajara","Airport",28,"Playfoam","Art & Crafts",3.99,10.99,3,"positive_stock",0,46,0.51,5.9,NULL,7.00,505.54,322.00,11.97
31,"Maven Toys Ciudad de Mexico 2","Ciudad de Mexico","Airport",28,"Playfoam","Art & Crafts",3.99,10.99,10,"positive_stock",0,49,0.54,18.4,NULL,7.00,538.51,343.00,39.90
32,"Maven Toys Hermosillo 1","Hermosillo","Residential",28,"Playfoam","Art & Crafts",3.99,10.99,5,"positive_stock",0,85,0.94,5.3,NULL,7.00,934.15,595.00,19.95
33,"Maven Toys Monterrey 3","Monterrey","Airport",28,"Playfoam","Art & Crafts",3.99,10.99,5,"positive_stock",0,103,1.14,4.4,NULL,7.00,1131.97,721.00,19.95
34,"Maven Toys Villahermosa 1","Villahermosa","Downtown",28,"Playfoam","Art & Crafts",3.99,10.99,13,"positive_stock",0,167,1.86,7.0,NULL,7.00,1835.33,1169.00,51.87
35,"Maven Toys Chilpancingo 1","Chilpancingo","Downtown",28,"Playfoam","Art & Crafts",3.99,10.99,20,"positive_stock",0,44,0.49,40.9,NULL,7.00,483.56,308.00,79.80
36,"Maven Toys Morelia 1","Morelia","Downtown",28,"Playfoam","Art & Crafts",3.99,10.99,7,"positive_stock",0,22,0.24,28.6,NULL,7.00,241.78,154.00,27.93
37,"Maven Toys Ciudad de Mexico 3","Ciudad de Mexico","Residential",28,"Playfoam","Art & Crafts",3.99,10.99,4,"positive_stock",0,76,0.84,4.7,NULL,7.00,835.24,532.00,15.96
38,"Maven Toys Chihuahua 2","Chihuahua","Downtown",28,"Playfoam","Art & Crafts",3.99,10.99,26,"positive_stock",0,169,1.88,13.8,NULL,7.00,1857.31,1183.00,103.74
39,"Maven Toys Xalapa 2","Xalapa","Downtown",28,"Playfoam","Art & Crafts",3.99,10.99,0,"confirmed_zero_stock",0,67,0.74,0.0,NULL,7.00,736.33,469.00,0.00
40,"Maven Toys Toluca 2","Toluca","Commercial",28,"Playfoam","Art & Crafts",3.99,10.99,0,"confirmed_zero_stock",0,132,1.47,0.0,NULL,7.00,1450.68,924.00,0.00
41,"Maven Toys Hermosillo 2","Hermosillo","Downtown",28,"Playfoam","Art & Crafts",3.99,10.99,0,"confirmed_zero_stock",0,237,2.63,0.0,NULL,7.00,2604.63,1659.00,0.00
42,"Maven Toys Hermosillo 3","Hermosillo","Commercial",28,"Playfoam","Art & Crafts",3.99,10.99,0,"confirmed_zero_stock",0,105,1.17,0.0,NULL,7.00,1153.95,735.00,0.00
43,"Maven Toys Durango 1","Durango","Downtown",28,"Playfoam","Art & Crafts",3.99,10.99,4,"positive_stock",0,35,0.39,10.3,NULL,7.00,384.65,245.00,15.96
44,"Maven Toys Puebla 3","Puebla","Residential",28,"Playfoam","Art & Crafts",3.99,10.99,NULL,"inventory_record_missing",0,0,0.00,NULL,NULL,7.00,0.00,0.00,NULL
45,"Maven Toys Ciudad de Mexico 4","Ciudad de Mexico","Commercial",28,"Playfoam","Art & Crafts",3.99,10.99,0,"confirmed_zero_stock",0,24,0.27,0.0,NULL,7.00,263.76,168.00,0.00
46,"Maven Toys Guadalajara 4","Guadalajara","Downtown",28,"Playfoam","Art & Crafts",3.99,10.99,1,"positive_stock",0,72,0.80,1.3,NULL,7.00,791.28,504.00,3.99
47,"Maven Toys Monterrey 4","Monterrey","Commercial",28,"Playfoam","Art & Crafts",3.99,10.99,4,"positive_stock",0,208,2.31,1.7,NULL,7.00,2285.92,1456.00,15.96
48,"Maven Toys Saltillo 2","Saltillo","Commercial",28,"Playfoam","Art & Crafts",3.99,10.99,1,"positive_stock",0,211,2.34,0.4,NULL,7.00,2318.89,1477.00,3.99
49,"Maven Toys Culiacan 1","Culiacan","Downtown",28,"Playfoam","Art & Crafts",3.99,10.99,10,"positive_stock",0,84,0.93,10.7,NULL,7.00,923.16,588.00,39.90
50,"Maven Toys Guanajuato 3","Guanajuato","Residential",28,"Playfoam","Art & Crafts",3.99,10.99,0,"confirmed_zero_stock",0,91,1.01,0.0,NULL,7.00,1000.09,637.00,0.00
1,"Maven Toys Guadalajara 1","Guadalajara","Residential",29,"Plush Pony","Toys",8.99,19.99,4,"positive_stock",9,33,0.37,10.9,266.7,11.00,659.67,363.00,35.96
2,"Maven Toys Monterrey 1","Monterrey","Residential",29,"Plush Pony","Toys",8.99,19.99,5,"positive_stock",20,13,0.14,34.6,-35.0,11.00,259.87,143.00,44.95
3,"Maven Toys Guadalajara 2","Guadalajara","Commercial",29,"Plush Pony","Toys",8.99,19.99,0,"confirmed_zero_stock",0,23,0.26,0.0,NULL,11.00,459.77,253.00,0.00
4,"Maven Toys Saltillo 1","Saltillo","Downtown",29,"Plush Pony","Toys",8.99,19.99,20,"positive_stock",1,50,0.56,36.0,4900.0,11.00,999.50,550.00,179.80
5,"Maven Toys La Paz 1","La Paz","Downtown",29,"Plush Pony","Toys",8.99,19.99,8,"positive_stock",6,9,0.10,80.0,50.0,11.00,179.91,99.00,71.92
6,"Maven Toys Mexicali 1","Mexicali","Commercial",29,"Plush Pony","Toys",8.99,19.99,10,"positive_stock",0,0,0.00,NULL,NULL,11.00,0.00,0.00,89.90
7,"Maven Toys Monterrey 2","Monterrey","Downtown",29,"Plush Pony","Toys",8.99,19.99,8,"positive_stock",20,1,0.01,720.0,-95.0,11.00,19.99,11.00,71.92
8,"Maven Toys Pachuca 1","Pachuca","Downtown",29,"Plush Pony","Toys",8.99,19.99,3,"positive_stock",0,0,0.00,NULL,NULL,11.00,0.00,0.00,26.97
9,"Maven Toys Ciudad de Mexico 1","Ciudad de Mexico","Downtown",29,"Plush Pony","Toys",8.99,19.99,8,"positive_stock",76,0,0.00,NULL,-100.0,11.00,0.00,0.00,71.92
10,"Maven Toys Campeche 1","Campeche","Downtown",29,"Plush Pony","Toys",8.99,19.99,12,"positive_stock",0,18,0.20,60.0,NULL,11.00,359.82,198.00,107.88
11,"Maven Toys Cuernavaca 1","Cuernavaca","Downtown",29,"Plush Pony","Toys",8.99,19.99,4,"positive_stock",19,17,0.19,21.2,-10.5,11.00,339.83,187.00,35.96
12,"Maven Toys Chetumal 1","Chetumal","Downtown",29,"Plush Pony","Toys",8.99,19.99,19,"positive_stock",9,0,0.00,NULL,-100.0,11.00,0.00,0.00,170.81
13,"Maven Toys Mexicali 2","Mexicali","Downtown",29,"Plush Pony","Toys",8.99,19.99,3,"positive_stock",0,0,0.00,NULL,NULL,11.00,0.00,0.00,26.97
14,"Maven Toys Guanajuato 1","Guanajuato","Downtown",29,"Plush Pony","Toys",8.99,19.99,0,"confirmed_zero_stock",0,43,0.48,0.0,NULL,11.00,859.57,473.00,0.00
15,"Maven Toys Tuxtla Gutierrez 1","Tuxtla Gutierrez","Downtown",29,"Plush Pony","Toys",8.99,19.99,13,"positive_stock",6,29,0.32,40.3,383.3,11.00,579.71,319.00,116.87
16,"Maven Toys San Luis Potosi 1","San Luis Potosi","Downtown",29,"Plush Pony","Toys",8.99,19.99,7,"positive_stock",15,11,0.12,57.3,-26.7,11.00,219.89,121.00,62.93
17,"Maven Toys Toluca 1","Toluca","Downtown",29,"Plush Pony","Toys",8.99,19.99,16,"positive_stock",16,36,0.40,40.0,125.0,11.00,719.64,396.00,143.84
18,"Maven Toys Merida 1","Merida","Downtown",29,"Plush Pony","Toys",8.99,19.99,28,"positive_stock",28,0,0.00,NULL,-100.0,11.00,0.00,0.00,251.72
19,"Maven Toys Puebla 1","Puebla","Commercial",29,"Plush Pony","Toys",8.99,19.99,29,"positive_stock",9,24,0.27,108.8,166.7,11.00,479.76,264.00,260.71
20,"Maven Toys Zacatecas 1","Zacatecas","Downtown",29,"Plush Pony","Toys",8.99,19.99,9,"positive_stock",0,0,0.00,NULL,NULL,11.00,0.00,0.00,80.91
21,"Maven Toys Santiago 1","Santiago","Downtown",29,"Plush Pony","Toys",8.99,19.99,8,"positive_stock",61,26,0.29,27.7,-57.4,11.00,519.74,286.00,71.92
22,"Maven Toys Guanajuato 2","Guanajuato","Commercial",29,"Plush Pony","Toys",8.99,19.99,5,"positive_stock",26,45,0.50,10.0,73.1,11.00,899.55,495.00,44.95
23,"Maven Toys Chihuahua 1","Chihuahua","Commercial",29,"Plush Pony","Toys",8.99,19.99,9,"positive_stock",8,9,0.10,90.0,12.5,11.00,179.91,99.00,80.91
24,"Maven Toys Aguascalientes 1","Aguascalientes","Downtown",29,"Plush Pony","Toys",8.99,19.99,3,"positive_stock",22,8,0.09,33.8,-63.6,11.00,159.92,88.00,26.97
25,"Maven Toys Ciudad Victoria 1","Ciudad Victoria","Downtown",29,"Plush Pony","Toys",8.99,19.99,6,"positive_stock",51,12,0.13,45.0,-76.5,11.00,239.88,132.00,53.94
26,"Maven Toys Campeche 2","Campeche","Commercial",29,"Plush Pony","Toys",8.99,19.99,3,"positive_stock",5,11,0.12,24.5,120.0,11.00,219.89,121.00,26.97
27,"Maven Toys Oaxaca 1","Oaxaca","Downtown",29,"Plush Pony","Toys",8.99,19.99,3,"positive_stock",0,0,0.00,NULL,NULL,11.00,0.00,0.00,26.97
28,"Maven Toys Puebla 2","Puebla","Downtown",29,"Plush Pony","Toys",8.99,19.99,5,"positive_stock",35,14,0.16,32.1,-60.0,11.00,279.86,154.00,44.95
29,"Maven Toys Xalapa 1","Xalapa","Commercial",29,"Plush Pony","Toys",8.99,19.99,6,"positive_stock",25,7,0.08,77.1,-72.0,11.00,139.93,77.00,53.94
30,"Maven Toys Guadalajara 3","Guadalajara","Airport",29,"Plush Pony","Toys",8.99,19.99,19,"positive_stock",64,66,0.73,25.9,3.1,11.00,1319.34,726.00,170.81
31,"Maven Toys Ciudad de Mexico 2","Ciudad de Mexico","Airport",29,"Plush Pony","Toys",8.99,19.99,28,"positive_stock",20,78,0.87,32.3,290.0,11.00,1559.22,858.00,251.72
32,"Maven Toys Hermosillo 1","Hermosillo","Residential",29,"Plush Pony","Toys",8.99,19.99,4,"positive_stock",0,0,0.00,NULL,NULL,11.00,0.00,0.00,35.96
33,"Maven Toys Monterrey 3","Monterrey","Airport",29,"Plush Pony","Toys",8.99,19.99,9,"positive_stock",32,4,0.04,202.5,-87.5,11.00,79.96,44.00,80.91
34,"Maven Toys Villahermosa 1","Villahermosa","Downtown",29,"Plush Pony","Toys",8.99,19.99,3,"positive_stock",35,26,0.29,10.4,-25.7,11.00,519.74,286.00,26.97
35,"Maven Toys Chilpancingo 1","Chilpancingo","Downtown",29,"Plush Pony","Toys",8.99,19.99,11,"positive_stock",28,18,0.20,55.0,-35.7,11.00,359.82,198.00,98.89
36,"Maven Toys Morelia 1","Morelia","Downtown",29,"Plush Pony","Toys",8.99,19.99,14,"positive_stock",11,0,0.00,NULL,-100.0,11.00,0.00,0.00,125.86
37,"Maven Toys Ciudad de Mexico 3","Ciudad de Mexico","Residential",29,"Plush Pony","Toys",8.99,19.99,5,"positive_stock",68,31,0.34,14.5,-54.4,11.00,619.69,341.00,44.95
38,"Maven Toys Chihuahua 2","Chihuahua","Downtown",29,"Plush Pony","Toys",8.99,19.99,25,"positive_stock",31,5,0.06,450.0,-83.9,11.00,99.95,55.00,224.75
39,"Maven Toys Xalapa 2","Xalapa","Downtown",29,"Plush Pony","Toys",8.99,19.99,16,"positive_stock",17,33,0.37,43.6,94.1,11.00,659.67,363.00,143.84
40,"Maven Toys Toluca 2","Toluca","Commercial",29,"Plush Pony","Toys",8.99,19.99,1,"positive_stock",23,9,0.10,10.0,-60.9,11.00,179.91,99.00,8.99
41,"Maven Toys Hermosillo 2","Hermosillo","Downtown",29,"Plush Pony","Toys",8.99,19.99,0,"confirmed_zero_stock",28,58,0.64,0.0,107.1,11.00,1159.42,638.00,0.00
42,"Maven Toys Hermosillo 3","Hermosillo","Commercial",29,"Plush Pony","Toys",8.99,19.99,35,"positive_stock",44,23,0.26,137.0,-47.7,11.00,459.77,253.00,314.65
43,"Maven Toys Durango 1","Durango","Downtown",29,"Plush Pony","Toys",8.99,19.99,9,"positive_stock",6,16,0.18,50.6,166.7,11.00,319.84,176.00,80.91
44,"Maven Toys Puebla 3","Puebla","Residential",29,"Plush Pony","Toys",8.99,19.99,NULL,"inventory_record_missing",0,0,0.00,NULL,NULL,11.00,0.00,0.00,NULL
45,"Maven Toys Ciudad de Mexico 4","Ciudad de Mexico","Commercial",29,"Plush Pony","Toys",8.99,19.99,4,"positive_stock",21,6,0.07,60.0,-71.4,11.00,119.94,66.00,35.96
46,"Maven Toys Guadalajara 4","Guadalajara","Downtown",29,"Plush Pony","Toys",8.99,19.99,3,"positive_stock",19,8,0.09,33.8,-57.9,11.00,159.92,88.00,26.97
47,"Maven Toys Monterrey 4","Monterrey","Commercial",29,"Plush Pony","Toys",8.99,19.99,10,"positive_stock",67,58,0.64,15.5,-13.4,11.00,1159.42,638.00,89.90
48,"Maven Toys Saltillo 2","Saltillo","Commercial",29,"Plush Pony","Toys",8.99,19.99,20,"positive_stock",8,0,0.00,NULL,-100.0,11.00,0.00,0.00,179.80
49,"Maven Toys Culiacan 1","Culiacan","Downtown",29,"Plush Pony","Toys",8.99,19.99,12,"positive_stock",41,39,0.43,27.7,-4.9,11.00,779.61,429.00,107.88
50,"Maven Toys Guanajuato 3","Guanajuato","Residential",29,"Plush Pony","Toys",8.99,19.99,15,"positive_stock",14,21,0.23,64.3,50.0,11.00,419.79,231.00,134.85
1,"Maven Toys Guadalajara 1","Guadalajara","Residential",30,"Rubik's Cube","Games",17.99,19.99,44,"positive_stock",133,91,1.01,43.5,-31.6,2.00,1819.09,182.00,791.56
2,"Maven Toys Monterrey 1","Monterrey","Residential",30,"Rubik's Cube","Games",17.99,19.99,50,"positive_stock",67,103,1.14,43.7,53.7,2.00,2058.97,206.00,899.50
3,"Maven Toys Guadalajara 2","Guadalajara","Commercial",30,"Rubik's Cube","Games",17.99,19.99,43,"positive_stock",137,120,1.33,32.3,-12.4,2.00,2398.80,240.00,773.57
4,"Maven Toys Saltillo 1","Saltillo","Downtown",30,"Rubik's Cube","Games",17.99,19.99,28,"positive_stock",49,115,1.28,21.9,134.7,2.00,2298.85,230.00,503.72
5,"Maven Toys La Paz 1","La Paz","Downtown",30,"Rubik's Cube","Games",17.99,19.99,39,"positive_stock",96,91,1.01,38.6,-5.2,2.00,1819.09,182.00,701.61
6,"Maven Toys Mexicali 1","Mexicali","Commercial",30,"Rubik's Cube","Games",17.99,19.99,67,"positive_stock",65,55,0.61,109.6,-15.4,2.00,1099.45,110.00,1205.33
7,"Maven Toys Monterrey 2","Monterrey","Downtown",30,"Rubik's Cube","Games",17.99,19.99,27,"positive_stock",162,170,1.89,14.3,4.9,2.00,3398.30,340.00,485.73
8,"Maven Toys Pachuca 1","Pachuca","Downtown",30,"Rubik's Cube","Games",17.99,19.99,13,"positive_stock",75,189,2.10,6.2,152.0,2.00,3778.11,378.00,233.87
9,"Maven Toys Ciudad de Mexico 1","Ciudad de Mexico","Downtown",30,"Rubik's Cube","Games",17.99,19.99,11,"positive_stock",191,131,1.46,7.6,-31.4,2.00,2618.69,262.00,197.89
10,"Maven Toys Campeche 1","Campeche","Downtown",30,"Rubik's Cube","Games",17.99,19.99,42,"positive_stock",157,183,2.03,20.7,16.6,2.00,3658.17,366.00,755.58
11,"Maven Toys Cuernavaca 1","Cuernavaca","Downtown",30,"Rubik's Cube","Games",17.99,19.99,10,"positive_stock",91,23,0.26,39.1,-74.7,2.00,459.77,46.00,179.90
12,"Maven Toys Chetumal 1","Chetumal","Downtown",30,"Rubik's Cube","Games",17.99,19.99,45,"positive_stock",90,43,0.48,94.2,-52.2,2.00,859.57,86.00,809.55
13,"Maven Toys Mexicali 2","Mexicali","Downtown",30,"Rubik's Cube","Games",17.99,19.99,17,"positive_stock",112,183,2.03,8.4,63.4,2.00,3658.17,366.00,305.83
14,"Maven Toys Guanajuato 1","Guanajuato","Downtown",30,"Rubik's Cube","Games",17.99,19.99,10,"positive_stock",146,210,2.33,4.3,43.8,2.00,4197.90,420.00,179.90
15,"Maven Toys Tuxtla Gutierrez 1","Tuxtla Gutierrez","Downtown",30,"Rubik's Cube","Games",17.99,19.99,13,"positive_stock",129,83,0.92,14.1,-35.7,2.00,1659.17,166.00,233.87
16,"Maven Toys San Luis Potosi 1","San Luis Potosi","Downtown",30,"Rubik's Cube","Games",17.99,19.99,49,"positive_stock",65,93,1.03,47.4,43.1,2.00,1859.07,186.00,881.51
17,"Maven Toys Toluca 1","Toluca","Downtown",30,"Rubik's Cube","Games",17.99,19.99,22,"positive_stock",141,155,1.72,12.8,9.9,2.00,3098.45,310.00,395.78
18,"Maven Toys Merida 1","Merida","Downtown",30,"Rubik's Cube","Games",17.99,19.99,15,"positive_stock",149,58,0.64,23.3,-61.1,2.00,1159.42,116.00,269.85
19,"Maven Toys Puebla 1","Puebla","Commercial",30,"Rubik's Cube","Games",17.99,19.99,7,"positive_stock",202,96,1.07,6.6,-52.5,2.00,1919.04,192.00,125.93
20,"Maven Toys Zacatecas 1","Zacatecas","Downtown",30,"Rubik's Cube","Games",17.99,19.99,17,"positive_stock",98,148,1.64,10.3,51.0,2.00,2958.52,296.00,305.83
21,"Maven Toys Santiago 1","Santiago","Downtown",30,"Rubik's Cube","Games",17.99,19.99,49,"positive_stock",184,70,0.78,63.0,-62.0,2.00,1399.30,140.00,881.51
22,"Maven Toys Guanajuato 2","Guanajuato","Commercial",30,"Rubik's Cube","Games",17.99,19.99,22,"positive_stock",117,65,0.72,30.5,-44.4,2.00,1299.35,130.00,395.78
23,"Maven Toys Chihuahua 1","Chihuahua","Commercial",30,"Rubik's Cube","Games",17.99,19.99,38,"positive_stock",91,45,0.50,76.0,-50.5,2.00,899.55,90.00,683.62
24,"Maven Toys Aguascalientes 1","Aguascalientes","Downtown",30,"Rubik's Cube","Games",17.99,19.99,50,"positive_stock",104,62,0.69,72.6,-40.4,2.00,1239.38,124.00,899.50
25,"Maven Toys Ciudad Victoria 1","Ciudad Victoria","Downtown",30,"Rubik's Cube","Games",17.99,19.99,46,"positive_stock",307,67,0.74,61.8,-78.2,2.00,1339.33,134.00,827.54
26,"Maven Toys Campeche 2","Campeche","Commercial",30,"Rubik's Cube","Games",17.99,19.99,46,"positive_stock",127,74,0.82,55.9,-41.7,2.00,1479.26,148.00,827.54
27,"Maven Toys Oaxaca 1","Oaxaca","Downtown",30,"Rubik's Cube","Games",17.99,19.99,37,"positive_stock",154,146,1.62,22.8,-5.2,2.00,2918.54,292.00,665.63
28,"Maven Toys Puebla 2","Puebla","Downtown",30,"Rubik's Cube","Games",17.99,19.99,27,"positive_stock",95,42,0.47,57.9,-55.8,2.00,839.58,84.00,485.73
29,"Maven Toys Xalapa 1","Xalapa","Commercial",30,"Rubik's Cube","Games",17.99,19.99,32,"positive_stock",129,207,2.30,13.9,60.5,2.00,4137.93,414.00,575.68
30,"Maven Toys Guadalajara 3","Guadalajara","Airport",30,"Rubik's Cube","Games",17.99,19.99,21,"positive_stock",251,307,3.41,6.2,22.3,2.00,6136.93,614.00,377.79
31,"Maven Toys Ciudad de Mexico 2","Ciudad de Mexico","Airport",30,"Rubik's Cube","Games",17.99,19.99,66,"positive_stock",124,230,2.56,25.8,85.5,2.00,4597.70,460.00,1187.34
32,"Maven Toys Hermosillo 1","Hermosillo","Residential",30,"Rubik's Cube","Games",17.99,19.99,28,"positive_stock",94,145,1.61,17.4,54.3,2.00,2898.55,290.00,503.72
33,"Maven Toys Monterrey 3","Monterrey","Airport",30,"Rubik's Cube","Games",17.99,19.99,39,"positive_stock",54,64,0.71,54.8,18.5,2.00,1279.36,128.00,701.61
34,"Maven Toys Villahermosa 1","Villahermosa","Downtown",30,"Rubik's Cube","Games",17.99,19.99,53,"positive_stock",82,133,1.48,35.9,62.2,2.00,2658.67,266.00,953.47
35,"Maven Toys Chilpancingo 1","Chilpancingo","Downtown",30,"Rubik's Cube","Games",17.99,19.99,10,"positive_stock",68,59,0.66,15.3,-13.2,2.00,1179.41,118.00,179.90
36,"Maven Toys Morelia 1","Morelia","Downtown",30,"Rubik's Cube","Games",17.99,19.99,15,"positive_stock",26,104,1.16,13.0,300.0,2.00,2078.96,208.00,269.85
37,"Maven Toys Ciudad de Mexico 3","Ciudad de Mexico","Residential",30,"Rubik's Cube","Games",17.99,19.99,35,"positive_stock",212,86,0.96,36.6,-59.4,2.00,1719.14,172.00,629.65
38,"Maven Toys Chihuahua 2","Chihuahua","Downtown",30,"Rubik's Cube","Games",17.99,19.99,7,"positive_stock",214,128,1.42,4.9,-40.2,2.00,2558.72,256.00,125.93
39,"Maven Toys Xalapa 2","Xalapa","Downtown",30,"Rubik's Cube","Games",17.99,19.99,19,"positive_stock",175,132,1.47,13.0,-24.6,2.00,2638.68,264.00,341.81
40,"Maven Toys Toluca 2","Toluca","Commercial",30,"Rubik's Cube","Games",17.99,19.99,28,"positive_stock",94,53,0.59,47.5,-43.6,2.00,1059.47,106.00,503.72
41,"Maven Toys Hermosillo 2","Hermosillo","Downtown",30,"Rubik's Cube","Games",17.99,19.99,74,"positive_stock",82,120,1.33,55.5,46.3,2.00,2398.80,240.00,1331.26
42,"Maven Toys Hermosillo 3","Hermosillo","Commercial",30,"Rubik's Cube","Games",17.99,19.99,9,"positive_stock",137,123,1.37,6.6,-10.2,2.00,2458.77,246.00,161.91
43,"Maven Toys Durango 1","Durango","Downtown",30,"Rubik's Cube","Games",17.99,19.99,14,"positive_stock",140,101,1.12,12.5,-27.9,2.00,2018.99,202.00,251.86
44,"Maven Toys Puebla 3","Puebla","Residential",30,"Rubik's Cube","Games",17.99,19.99,26,"positive_stock",123,70,0.78,33.4,-43.1,2.00,1399.30,140.00,467.74
45,"Maven Toys Ciudad de Mexico 4","Ciudad de Mexico","Commercial",30,"Rubik's Cube","Games",17.99,19.99,36,"positive_stock",306,63,0.70,51.4,-79.4,2.00,1259.37,126.00,647.64
46,"Maven Toys Guadalajara 4","Guadalajara","Downtown",30,"Rubik's Cube","Games",17.99,19.99,9,"positive_stock",234,129,1.43,6.3,-44.9,2.00,2578.71,258.00,161.91
47,"Maven Toys Monterrey 4","Monterrey","Commercial",30,"Rubik's Cube","Games",17.99,19.99,36,"positive_stock",104,69,0.77,47.0,-33.7,2.00,1379.31,138.00,647.64
48,"Maven Toys Saltillo 2","Saltillo","Commercial",30,"Rubik's Cube","Games",17.99,19.99,49,"positive_stock",70,49,0.54,90.0,-30.0,2.00,979.51,98.00,881.51
49,"Maven Toys Culiacan 1","Culiacan","Downtown",30,"Rubik's Cube","Games",17.99,19.99,3,"positive_stock",138,80,0.89,3.4,-42.0,2.00,1599.20,160.00,53.97
50,"Maven Toys Guanajuato 3","Guanajuato","Residential",30,"Rubik's Cube","Games",17.99,19.99,4,"positive_stock",105,31,0.34,11.6,-70.5,2.00,619.69,62.00,71.96
1,"Maven Toys Guadalajara 1","Guadalajara","Residential",31,"Splash Balls","Sports & Outdoors",7.99,8.99,7,"positive_stock",178,76,0.84,8.3,-57.3,1.00,683.24,76.00,55.93
2,"Maven Toys Monterrey 1","Monterrey","Residential",31,"Splash Balls","Sports & Outdoors",7.99,8.99,18,"positive_stock",72,15,0.17,108.0,-79.2,1.00,134.85,15.00,143.82
3,"Maven Toys Guadalajara 2","Guadalajara","Commercial",31,"Splash Balls","Sports & Outdoors",7.99,8.99,29,"positive_stock",49,80,0.89,32.6,63.3,1.00,719.20,80.00,231.71
4,"Maven Toys Saltillo 1","Saltillo","Downtown",31,"Splash Balls","Sports & Outdoors",7.99,8.99,35,"positive_stock",105,84,0.93,37.5,-20.0,1.00,755.16,84.00,279.65
5,"Maven Toys La Paz 1","La Paz","Downtown",31,"Splash Balls","Sports & Outdoors",7.99,8.99,31,"positive_stock",84,164,1.82,17.0,95.2,1.00,1474.36,164.00,247.69
6,"Maven Toys Mexicali 1","Mexicali","Commercial",31,"Splash Balls","Sports & Outdoors",7.99,8.99,17,"positive_stock",0,80,0.89,19.1,NULL,1.00,719.20,80.00,135.83
7,"Maven Toys Monterrey 2","Monterrey","Downtown",31,"Splash Balls","Sports & Outdoors",7.99,8.99,15,"positive_stock",131,113,1.26,11.9,-13.7,1.00,1015.87,113.00,119.85
8,"Maven Toys Pachuca 1","Pachuca","Downtown",31,"Splash Balls","Sports & Outdoors",7.99,8.99,27,"positive_stock",205,84,0.93,28.9,-59.0,1.00,755.16,84.00,215.73
9,"Maven Toys Ciudad de Mexico 1","Ciudad de Mexico","Downtown",31,"Splash Balls","Sports & Outdoors",7.99,8.99,6,"positive_stock",272,347,3.86,1.6,27.6,1.00,3119.53,347.00,47.94
10,"Maven Toys Campeche 1","Campeche","Downtown",31,"Splash Balls","Sports & Outdoors",7.99,8.99,7,"positive_stock",216,120,1.33,5.3,-44.4,1.00,1078.80,120.00,55.93
11,"Maven Toys Cuernavaca 1","Cuernavaca","Downtown",31,"Splash Balls","Sports & Outdoors",7.99,8.99,20,"positive_stock",112,150,1.67,12.0,33.9,1.00,1348.50,150.00,159.80
12,"Maven Toys Chetumal 1","Chetumal","Downtown",31,"Splash Balls","Sports & Outdoors",7.99,8.99,13,"positive_stock",390,198,2.20,5.9,-49.2,1.00,1780.02,198.00,103.87
13,"Maven Toys Mexicali 2","Mexicali","Downtown",31,"Splash Balls","Sports & Outdoors",7.99,8.99,24,"positive_stock",197,169,1.88,12.8,-14.2,1.00,1519.31,169.00,191.76
14,"Maven Toys Guanajuato 1","Guanajuato","Downtown",31,"Splash Balls","Sports & Outdoors",7.99,8.99,5,"positive_stock",78,62,0.69,7.3,-20.5,1.00,557.38,62.00,39.95
15,"Maven Toys Tuxtla Gutierrez 1","Tuxtla Gutierrez","Downtown",31,"Splash Balls","Sports & Outdoors",7.99,8.99,4,"positive_stock",254,195,2.17,1.8,-23.2,1.00,1753.05,195.00,31.96
16,"Maven Toys San Luis Potosi 1","San Luis Potosi","Downtown",31,"Splash Balls","Sports & Outdoors",7.99,8.99,14,"positive_stock",235,189,2.10,6.7,-19.6,1.00,1699.11,189.00,111.86
17,"Maven Toys Toluca 1","Toluca","Downtown",31,"Splash Balls","Sports & Outdoors",7.99,8.99,20,"positive_stock",617,486,5.40,3.7,-21.2,1.00,4369.14,486.00,159.80
18,"Maven Toys Merida 1","Merida","Downtown",31,"Splash Balls","Sports & Outdoors",7.99,8.99,4,"positive_stock",174,179,1.99,2.0,2.9,1.00,1609.21,179.00,31.96
19,"Maven Toys Puebla 1","Puebla","Commercial",31,"Splash Balls","Sports & Outdoors",7.99,8.99,4,"positive_stock",210,157,1.74,2.3,-25.2,1.00,1411.43,157.00,31.96
20,"Maven Toys Zacatecas 1","Zacatecas","Downtown",31,"Splash Balls","Sports & Outdoors",7.99,8.99,10,"positive_stock",98,107,1.19,8.4,9.2,1.00,961.93,107.00,79.90
21,"Maven Toys Santiago 1","Santiago","Downtown",31,"Splash Balls","Sports & Outdoors",7.99,8.99,19,"positive_stock",111,111,1.23,15.4,0.0,1.00,997.89,111.00,151.81
22,"Maven Toys Guanajuato 2","Guanajuato","Commercial",31,"Splash Balls","Sports & Outdoors",7.99,8.99,34,"positive_stock",180,97,1.08,31.5,-46.1,1.00,872.03,97.00,271.66
23,"Maven Toys Chihuahua 1","Chihuahua","Commercial",31,"Splash Balls","Sports & Outdoors",7.99,8.99,19,"positive_stock",63,72,0.80,23.8,14.3,1.00,647.28,72.00,151.81
24,"Maven Toys Aguascalientes 1","Aguascalientes","Downtown",31,"Splash Balls","Sports & Outdoors",7.99,8.99,10,"positive_stock",117,64,0.71,14.1,-45.3,1.00,575.36,64.00,79.90
25,"Maven Toys Ciudad Victoria 1","Ciudad Victoria","Downtown",31,"Splash Balls","Sports & Outdoors",7.99,8.99,0,"confirmed_zero_stock",59,56,0.62,0.0,-5.1,1.00,503.44,56.00,0.00
26,"Maven Toys Campeche 2","Campeche","Commercial",31,"Splash Balls","Sports & Outdoors",7.99,8.99,4,"positive_stock",95,59,0.66,6.1,-37.9,1.00,530.41,59.00,31.96
27,"Maven Toys Oaxaca 1","Oaxaca","Downtown",31,"Splash Balls","Sports & Outdoors",7.99,8.99,13,"positive_stock",255,114,1.27,10.3,-55.3,1.00,1024.86,114.00,103.87
28,"Maven Toys Puebla 2","Puebla","Downtown",31,"Splash Balls","Sports & Outdoors",7.99,8.99,18,"positive_stock",432,176,1.96,9.2,-59.3,1.00,1582.24,176.00,143.82
29,"Maven Toys Xalapa 1","Xalapa","Commercial",31,"Splash Balls","Sports & Outdoors",7.99,8.99,3,"positive_stock",87,94,1.04,2.9,8.0,1.00,845.06,94.00,23.97
30,"Maven Toys Guadalajara 3","Guadalajara","Airport",31,"Splash Balls","Sports & Outdoors",7.99,8.99,20,"positive_stock",228,214,2.38,8.4,-6.1,1.00,1923.86,214.00,159.80
31,"Maven Toys Ciudad de Mexico 2","Ciudad de Mexico","Airport",31,"Splash Balls","Sports & Outdoors",7.99,8.99,39,"positive_stock",401,427,4.74,8.2,6.5,1.00,3838.73,427.00,311.61
32,"Maven Toys Hermosillo 1","Hermosillo","Residential",31,"Splash Balls","Sports & Outdoors",7.99,8.99,4,"positive_stock",125,86,0.96,4.2,-31.2,1.00,773.14,86.00,31.96
33,"Maven Toys Monterrey 3","Monterrey","Airport",31,"Splash Balls","Sports & Outdoors",7.99,8.99,7,"positive_stock",377,407,4.52,1.5,8.0,1.00,3658.93,407.00,55.93
34,"Maven Toys Villahermosa 1","Villahermosa","Downtown",31,"Splash Balls","Sports & Outdoors",7.99,8.99,30,"positive_stock",146,174,1.93,15.5,19.2,1.00,1564.26,174.00,239.70
35,"Maven Toys Chilpancingo 1","Chilpancingo","Downtown",31,"Splash Balls","Sports & Outdoors",7.99,8.99,74,"positive_stock",76,111,1.23,60.0,46.1,1.00,997.89,111.00,591.26
36,"Maven Toys Morelia 1","Morelia","Downtown",31,"Splash Balls","Sports & Outdoors",7.99,8.99,6,"positive_stock",218,93,1.03,5.8,-57.3,1.00,836.07,93.00,47.94
37,"Maven Toys Ciudad de Mexico 3","Ciudad de Mexico","Residential",31,"Splash Balls","Sports & Outdoors",7.99,8.99,14,"positive_stock",174,132,1.47,9.5,-24.1,1.00,1186.68,132.00,111.86
38,"Maven Toys Chihuahua 2","Chihuahua","Downtown",31,"Splash Balls","Sports & Outdoors",7.99,8.99,17,"positive_stock",34,72,0.80,21.3,111.8,1.00,647.28,72.00,135.83
39,"Maven Toys Xalapa 2","Xalapa","Downtown",31,"Splash Balls","Sports & Outdoors",7.99,8.99,15,"positive_stock",395,318,3.53,4.2,-19.5,1.00,2858.82,318.00,119.85
40,"Maven Toys Toluca 2","Toluca","Commercial",31,"Splash Balls","Sports & Outdoors",7.99,8.99,5,"positive_stock",214,242,2.69,1.9,13.1,1.00,2175.58,242.00,39.95
41,"Maven Toys Hermosillo 2","Hermosillo","Downtown",31,"Splash Balls","Sports & Outdoors",7.99,8.99,18,"positive_stock",365,229,2.54,7.1,-37.3,1.00,2058.71,229.00,143.82
42,"Maven Toys Hermosillo 3","Hermosillo","Commercial",31,"Splash Balls","Sports & Outdoors",7.99,8.99,11,"positive_stock",47,64,0.71,15.5,36.2,1.00,575.36,64.00,87.89
43,"Maven Toys Durango 1","Durango","Downtown",31,"Splash Balls","Sports & Outdoors",7.99,8.99,18,"positive_stock",200,121,1.34,13.4,-39.5,1.00,1087.79,121.00,143.82
44,"Maven Toys Puebla 3","Puebla","Residential",31,"Splash Balls","Sports & Outdoors",7.99,8.99,8,"positive_stock",260,137,1.52,5.3,-47.3,1.00,1231.63,137.00,63.92
45,"Maven Toys Ciudad de Mexico 4","Ciudad de Mexico","Commercial",31,"Splash Balls","Sports & Outdoors",7.99,8.99,6,"positive_stock",19,24,0.27,22.5,26.3,1.00,215.76,24.00,47.94
46,"Maven Toys Guadalajara 4","Guadalajara","Downtown",31,"Splash Balls","Sports & Outdoors",7.99,8.99,13,"positive_stock",144,79,0.88,14.8,-45.1,1.00,710.21,79.00,103.87
47,"Maven Toys Monterrey 4","Monterrey","Commercial",31,"Splash Balls","Sports & Outdoors",7.99,8.99,48,"positive_stock",857,504,5.60,8.6,-41.2,1.00,4530.96,504.00,383.52
48,"Maven Toys Saltillo 2","Saltillo","Commercial",31,"Splash Balls","Sports & Outdoors",7.99,8.99,41,"positive_stock",338,251,2.79,14.7,-25.7,1.00,2256.49,251.00,327.59
49,"Maven Toys Culiacan 1","Culiacan","Downtown",31,"Splash Balls","Sports & Outdoors",7.99,8.99,51,"positive_stock",243,97,1.08,47.3,-60.1,1.00,872.03,97.00,407.49
50,"Maven Toys Guanajuato 3","Guanajuato","Residential",31,"Splash Balls","Sports & Outdoors",7.99,8.99,18,"positive_stock",205,186,2.07,8.7,-9.3,1.00,1672.14,186.00,143.82
1,"Maven Toys Guadalajara 1","Guadalajara","Residential",32,"Supersoaker Water Gun","Sports & Outdoors",11.99,14.99,4,"positive_stock",14,36,0.40,10.0,157.1,3.00,539.64,108.00,47.96
2,"Maven Toys Monterrey 1","Monterrey","Residential",32,"Supersoaker Water Gun","Sports & Outdoors",11.99,14.99,10,"positive_stock",8,10,0.11,90.0,25.0,3.00,149.90,30.00,119.90
3,"Maven Toys Guadalajara 2","Guadalajara","Commercial",32,"Supersoaker Water Gun","Sports & Outdoors",11.99,14.99,4,"positive_stock",0,0,0.00,NULL,NULL,3.00,0.00,0.00,47.96
4,"Maven Toys Saltillo 1","Saltillo","Downtown",32,"Supersoaker Water Gun","Sports & Outdoors",11.99,14.99,6,"positive_stock",19,37,0.41,14.6,94.7,3.00,554.63,111.00,71.94
5,"Maven Toys La Paz 1","La Paz","Downtown",32,"Supersoaker Water Gun","Sports & Outdoors",11.99,14.99,10,"positive_stock",36,27,0.30,33.3,-25.0,3.00,404.73,81.00,119.90
6,"Maven Toys Mexicali 1","Mexicali","Commercial",32,"Supersoaker Water Gun","Sports & Outdoors",11.99,14.99,7,"positive_stock",11,0,0.00,NULL,-100.0,3.00,0.00,0.00,83.93
7,"Maven Toys Monterrey 2","Monterrey","Downtown",32,"Supersoaker Water Gun","Sports & Outdoors",11.99,14.99,3,"positive_stock",21,0,0.00,NULL,-100.0,3.00,0.00,0.00,35.97
8,"Maven Toys Pachuca 1","Pachuca","Downtown",32,"Supersoaker Water Gun","Sports & Outdoors",11.99,14.99,7,"positive_stock",37,5,0.06,126.0,-86.5,3.00,74.95,15.00,83.93
9,"Maven Toys Ciudad de Mexico 1","Ciudad de Mexico","Downtown",32,"Supersoaker Water Gun","Sports & Outdoors",11.99,14.99,3,"positive_stock",25,0,0.00,NULL,-100.0,3.00,0.00,0.00,35.97
10,"Maven Toys Campeche 1","Campeche","Downtown",32,"Supersoaker Water Gun","Sports & Outdoors",11.99,14.99,13,"positive_stock",22,0,0.00,NULL,-100.0,3.00,0.00,0.00,155.87
11,"Maven Toys Cuernavaca 1","Cuernavaca","Downtown",32,"Supersoaker Water Gun","Sports & Outdoors",11.99,14.99,4,"positive_stock",28,0,0.00,NULL,-100.0,3.00,0.00,0.00,47.96
12,"Maven Toys Chetumal 1","Chetumal","Downtown",32,"Supersoaker Water Gun","Sports & Outdoors",11.99,14.99,9,"positive_stock",0,0,0.00,NULL,NULL,3.00,0.00,0.00,107.91
13,"Maven Toys Mexicali 2","Mexicali","Downtown",32,"Supersoaker Water Gun","Sports & Outdoors",11.99,14.99,7,"positive_stock",2,0,0.00,NULL,-100.0,3.00,0.00,0.00,83.93
14,"Maven Toys Guanajuato 1","Guanajuato","Downtown",32,"Supersoaker Water Gun","Sports & Outdoors",11.99,14.99,2,"positive_stock",4,1,0.01,180.0,-75.0,3.00,14.99,3.00,23.98
15,"Maven Toys Tuxtla Gutierrez 1","Tuxtla Gutierrez","Downtown",32,"Supersoaker Water Gun","Sports & Outdoors",11.99,14.99,16,"positive_stock",31,18,0.20,80.0,-41.9,3.00,269.82,54.00,191.84
16,"Maven Toys San Luis Potosi 1","San Luis Potosi","Downtown",32,"Supersoaker Water Gun","Sports & Outdoors",11.99,14.99,7,"positive_stock",18,19,0.21,33.2,5.6,3.00,284.81,57.00,83.93
17,"Maven Toys Toluca 1","Toluca","Downtown",32,"Supersoaker Water Gun","Sports & Outdoors",11.99,14.99,15,"positive_stock",24,23,0.26,58.7,-4.2,3.00,344.77,69.00,179.85
18,"Maven Toys Merida 1","Merida","Downtown",32,"Supersoaker Water Gun","Sports & Outdoors",11.99,14.99,9,"positive_stock",2,18,0.20,45.0,800.0,3.00,269.82,54.00,107.91
19,"Maven Toys Puebla 1","Puebla","Commercial",32,"Supersoaker Water Gun","Sports & Outdoors",11.99,14.99,5,"positive_stock",17,21,0.23,21.4,23.5,3.00,314.79,63.00,59.95
20,"Maven Toys Zacatecas 1","Zacatecas","Downtown",32,"Supersoaker Water Gun","Sports & Outdoors",11.99,14.99,9,"positive_stock",26,18,0.20,45.0,-30.8,3.00,269.82,54.00,107.91
21,"Maven Toys Santiago 1","Santiago","Downtown",32,"Supersoaker Water Gun","Sports & Outdoors",11.99,14.99,3,"positive_stock",6,9,0.10,30.0,50.0,3.00,134.91,27.00,35.97
22,"Maven Toys Guanajuato 2","Guanajuato","Commercial",32,"Supersoaker Water Gun","Sports & Outdoors",11.99,14.99,38,"positive_stock",0,0,0.00,NULL,NULL,3.00,0.00,0.00,455.62
23,"Maven Toys Chihuahua 1","Chihuahua","Commercial",32,"Supersoaker Water Gun","Sports & Outdoors",11.99,14.99,11,"positive_stock",0,11,0.12,90.0,NULL,3.00,164.89,33.00,131.89
24,"Maven Toys Aguascalientes 1","Aguascalientes","Downtown",32,"Supersoaker Water Gun","Sports & Outdoors",11.99,14.99,10,"positive_stock",5,0,0.00,NULL,-100.0,3.00,0.00,0.00,119.90
25,"Maven Toys Ciudad Victoria 1","Ciudad Victoria","Downtown",32,"Supersoaker Water Gun","Sports & Outdoors",11.99,14.99,10,"positive_stock",0,0,0.00,NULL,NULL,3.00,0.00,0.00,119.90
26,"Maven Toys Campeche 2","Campeche","Commercial",32,"Supersoaker Water Gun","Sports & Outdoors",11.99,14.99,2,"positive_stock",52,33,0.37,5.5,-36.5,3.00,494.67,99.00,23.98
27,"Maven Toys Oaxaca 1","Oaxaca","Downtown",32,"Supersoaker Water Gun","Sports & Outdoors",11.99,14.99,6,"positive_stock",13,17,0.19,31.8,30.8,3.00,254.83,51.00,71.94
28,"Maven Toys Puebla 2","Puebla","Downtown",32,"Supersoaker Water Gun","Sports & Outdoors",11.99,14.99,3,"positive_stock",9,43,0.48,6.3,377.8,3.00,644.57,129.00,35.97
29,"Maven Toys Xalapa 1","Xalapa","Commercial",32,"Supersoaker Water Gun","Sports & Outdoors",11.99,14.99,7,"positive_stock",60,80,0.89,7.9,33.3,3.00,1199.20,240.00,83.93
30,"Maven Toys Guadalajara 3","Guadalajara","Airport",32,"Supersoaker Water Gun","Sports & Outdoors",11.99,14.99,13,"positive_stock",7,4,0.04,292.5,-42.9,3.00,59.96,12.00,155.87
31,"Maven Toys Ciudad de Mexico 2","Ciudad de Mexico","Airport",32,"Supersoaker Water Gun","Sports & Outdoors",11.99,14.99,12,"positive_stock",74,28,0.31,38.6,-62.2,3.00,419.72,84.00,143.88
32,"Maven Toys Hermosillo 1","Hermosillo","Residential",32,"Supersoaker Water Gun","Sports & Outdoors",11.99,14.99,8,"positive_stock",10,44,0.49,16.4,340.0,3.00,659.56,132.00,95.92
33,"Maven Toys Monterrey 3","Monterrey","Airport",32,"Supersoaker Water Gun","Sports & Outdoors",11.99,14.99,15,"positive_stock",17,4,0.04,337.5,-76.5,3.00,59.96,12.00,179.85
34,"Maven Toys Villahermosa 1","Villahermosa","Downtown",32,"Supersoaker Water Gun","Sports & Outdoors",11.99,14.99,19,"positive_stock",9,25,0.28,68.4,177.8,3.00,374.75,75.00,227.81
35,"Maven Toys Chilpancingo 1","Chilpancingo","Downtown",32,"Supersoaker Water Gun","Sports & Outdoors",11.99,14.99,20,"positive_stock",0,28,0.31,64.3,NULL,3.00,419.72,84.00,239.80
36,"Maven Toys Morelia 1","Morelia","Downtown",32,"Supersoaker Water Gun","Sports & Outdoors",11.99,14.99,7,"positive_stock",39,12,0.13,52.5,-69.2,3.00,179.88,36.00,83.93
37,"Maven Toys Ciudad de Mexico 3","Ciudad de Mexico","Residential",32,"Supersoaker Water Gun","Sports & Outdoors",11.99,14.99,0,"confirmed_zero_stock",25,34,0.38,0.0,36.0,3.00,509.66,102.00,0.00
38,"Maven Toys Chihuahua 2","Chihuahua","Downtown",32,"Supersoaker Water Gun","Sports & Outdoors",11.99,14.99,20,"positive_stock",30,21,0.23,85.7,-30.0,3.00,314.79,63.00,239.80
39,"Maven Toys Xalapa 2","Xalapa","Downtown",32,"Supersoaker Water Gun","Sports & Outdoors",11.99,14.99,5,"positive_stock",39,22,0.24,20.5,-43.6,3.00,329.78,66.00,59.95
40,"Maven Toys Toluca 2","Toluca","Commercial",32,"Supersoaker Water Gun","Sports & Outdoors",11.99,14.99,7,"positive_stock",16,19,0.21,33.2,18.8,3.00,284.81,57.00,83.93
41,"Maven Toys Hermosillo 2","Hermosillo","Downtown",32,"Supersoaker Water Gun","Sports & Outdoors",11.99,14.99,29,"positive_stock",9,26,0.29,100.4,188.9,3.00,389.74,78.00,347.71
42,"Maven Toys Hermosillo 3","Hermosillo","Commercial",32,"Supersoaker Water Gun","Sports & Outdoors",11.99,14.99,4,"positive_stock",20,5,0.06,72.0,-75.0,3.00,74.95,15.00,47.96
43,"Maven Toys Durango 1","Durango","Downtown",32,"Supersoaker Water Gun","Sports & Outdoors",11.99,14.99,38,"positive_stock",43,12,0.13,285.0,-72.1,3.00,179.88,36.00,455.62
44,"Maven Toys Puebla 3","Puebla","Residential",32,"Supersoaker Water Gun","Sports & Outdoors",11.99,14.99,29,"positive_stock",33,0,0.00,NULL,-100.0,3.00,0.00,0.00,347.71
45,"Maven Toys Ciudad de Mexico 4","Ciudad de Mexico","Commercial",32,"Supersoaker Water Gun","Sports & Outdoors",11.99,14.99,6,"positive_stock",52,58,0.64,9.3,11.5,3.00,869.42,174.00,71.94
46,"Maven Toys Guadalajara 4","Guadalajara","Downtown",32,"Supersoaker Water Gun","Sports & Outdoors",11.99,14.99,8,"positive_stock",10,0,0.00,NULL,-100.0,3.00,0.00,0.00,95.92
47,"Maven Toys Monterrey 4","Monterrey","Commercial",32,"Supersoaker Water Gun","Sports & Outdoors",11.99,14.99,6,"positive_stock",81,21,0.23,25.7,-74.1,3.00,314.79,63.00,71.94
48,"Maven Toys Saltillo 2","Saltillo","Commercial",32,"Supersoaker Water Gun","Sports & Outdoors",11.99,14.99,7,"positive_stock",35,2,0.02,315.0,-94.3,3.00,29.98,6.00,83.93
49,"Maven Toys Culiacan 1","Culiacan","Downtown",32,"Supersoaker Water Gun","Sports & Outdoors",11.99,14.99,11,"positive_stock",40,39,0.43,25.4,-2.5,3.00,584.61,117.00,131.89
50,"Maven Toys Guanajuato 3","Guanajuato","Residential",32,"Supersoaker Water Gun","Sports & Outdoors",11.99,14.99,9,"positive_stock",30,15,0.17,54.0,-50.0,3.00,224.85,45.00,107.91
1,"Maven Toys Guadalajara 1","Guadalajara","Residential",33,"Teddy Bear","Toys",10.99,12.99,2,"positive_stock",45,15,0.17,12.0,-66.7,2.00,194.85,30.00,21.98
2,"Maven Toys Monterrey 1","Monterrey","Residential",33,"Teddy Bear","Toys",10.99,12.99,11,"positive_stock",3,2,0.02,495.0,-33.3,2.00,25.98,4.00,120.89
3,"Maven Toys Guadalajara 2","Guadalajara","Commercial",33,"Teddy Bear","Toys",10.99,12.99,4,"positive_stock",0,15,0.17,24.0,NULL,2.00,194.85,30.00,43.96
4,"Maven Toys Saltillo 1","Saltillo","Downtown",33,"Teddy Bear","Toys",10.99,12.99,2,"positive_stock",9,0,0.00,NULL,-100.0,2.00,0.00,0.00,21.98
5,"Maven Toys La Paz 1","La Paz","Downtown",33,"Teddy Bear","Toys",10.99,12.99,17,"positive_stock",85,12,0.13,127.5,-85.9,2.00,155.88,24.00,186.83
6,"Maven Toys Mexicali 1","Mexicali","Commercial",33,"Teddy Bear","Toys",10.99,12.99,7,"positive_stock",17,7,0.08,90.0,-58.8,2.00,90.93,14.00,76.93
7,"Maven Toys Monterrey 2","Monterrey","Downtown",33,"Teddy Bear","Toys",10.99,12.99,18,"positive_stock",10,0,0.00,NULL,-100.0,2.00,0.00,0.00,197.82
8,"Maven Toys Pachuca 1","Pachuca","Downtown",33,"Teddy Bear","Toys",10.99,12.99,17,"positive_stock",27,52,0.58,29.4,92.6,2.00,675.48,104.00,186.83
9,"Maven Toys Ciudad de Mexico 1","Ciudad de Mexico","Downtown",33,"Teddy Bear","Toys",10.99,12.99,9,"positive_stock",37,45,0.50,18.0,21.6,2.00,584.55,90.00,98.91
10,"Maven Toys Campeche 1","Campeche","Downtown",33,"Teddy Bear","Toys",10.99,12.99,12,"positive_stock",24,12,0.13,90.0,-50.0,2.00,155.88,24.00,131.88
11,"Maven Toys Cuernavaca 1","Cuernavaca","Downtown",33,"Teddy Bear","Toys",10.99,12.99,6,"positive_stock",28,8,0.09,67.5,-71.4,2.00,103.92,16.00,65.94
12,"Maven Toys Chetumal 1","Chetumal","Downtown",33,"Teddy Bear","Toys",10.99,12.99,5,"positive_stock",0,0,0.00,NULL,NULL,2.00,0.00,0.00,54.95
13,"Maven Toys Mexicali 2","Mexicali","Downtown",33,"Teddy Bear","Toys",10.99,12.99,3,"positive_stock",38,51,0.57,5.3,34.2,2.00,662.49,102.00,32.97
14,"Maven Toys Guanajuato 1","Guanajuato","Downtown",33,"Teddy Bear","Toys",10.99,12.99,2,"positive_stock",0,17,0.19,10.6,NULL,2.00,220.83,34.00,21.98
15,"Maven Toys Tuxtla Gutierrez 1","Tuxtla Gutierrez","Downtown",33,"Teddy Bear","Toys",10.99,12.99,8,"positive_stock",22,26,0.29,27.7,18.2,2.00,337.74,52.00,87.92
16,"Maven Toys San Luis Potosi 1","San Luis Potosi","Downtown",33,"Teddy Bear","Toys",10.99,12.99,6,"positive_stock",0,2,0.02,270.0,NULL,2.00,25.98,4.00,65.94
17,"Maven Toys Toluca 1","Toluca","Downtown",33,"Teddy Bear","Toys",10.99,12.99,27,"positive_stock",113,0,0.00,NULL,-100.0,2.00,0.00,0.00,296.73
18,"Maven Toys Merida 1","Merida","Downtown",33,"Teddy Bear","Toys",10.99,12.99,9,"positive_stock",0,0,0.00,NULL,NULL,2.00,0.00,0.00,98.91
19,"Maven Toys Puebla 1","Puebla","Commercial",33,"Teddy Bear","Toys",10.99,12.99,0,"confirmed_zero_stock",0,9,0.10,0.0,NULL,2.00,116.91,18.00,0.00
20,"Maven Toys Zacatecas 1","Zacatecas","Downtown",33,"Teddy Bear","Toys",10.99,12.99,28,"positive_stock",9,80,0.89,31.5,788.9,2.00,1039.20,160.00,307.72
21,"Maven Toys Santiago 1","Santiago","Downtown",33,"Teddy Bear","Toys",10.99,12.99,16,"positive_stock",17,5,0.06,288.0,-70.6,2.00,64.95,10.00,175.84
22,"Maven Toys Guanajuato 2","Guanajuato","Commercial",33,"Teddy Bear","Toys",10.99,12.99,8,"positive_stock",22,5,0.06,144.0,-77.3,2.00,64.95,10.00,87.92
23,"Maven Toys Chihuahua 1","Chihuahua","Commercial",33,"Teddy Bear","Toys",10.99,12.99,6,"positive_stock",59,100,1.11,5.4,69.5,2.00,1299.00,200.00,65.94
24,"Maven Toys Aguascalientes 1","Aguascalientes","Downtown",33,"Teddy Bear","Toys",10.99,12.99,4,"positive_stock",26,16,0.18,22.5,-38.5,2.00,207.84,32.00,43.96
25,"Maven Toys Ciudad Victoria 1","Ciudad Victoria","Downtown",33,"Teddy Bear","Toys",10.99,12.99,4,"positive_stock",0,12,0.13,30.0,NULL,2.00,155.88,24.00,43.96
26,"Maven Toys Campeche 2","Campeche","Commercial",33,"Teddy Bear","Toys",10.99,12.99,2,"positive_stock",0,11,0.12,16.4,NULL,2.00,142.89,22.00,21.98
27,"Maven Toys Oaxaca 1","Oaxaca","Downtown",33,"Teddy Bear","Toys",10.99,12.99,7,"positive_stock",41,16,0.18,39.4,-61.0,2.00,207.84,32.00,76.93
28,"Maven Toys Puebla 2","Puebla","Downtown",33,"Teddy Bear","Toys",10.99,12.99,9,"positive_stock",32,4,0.04,202.5,-87.5,2.00,51.96,8.00,98.91
29,"Maven Toys Xalapa 1","Xalapa","Commercial",33,"Teddy Bear","Toys",10.99,12.99,6,"positive_stock",0,0,0.00,NULL,NULL,2.00,0.00,0.00,65.94
30,"Maven Toys Guadalajara 3","Guadalajara","Airport",33,"Teddy Bear","Toys",10.99,12.99,10,"positive_stock",46,38,0.42,23.7,-17.4,2.00,493.62,76.00,109.90
31,"Maven Toys Ciudad de Mexico 2","Ciudad de Mexico","Airport",33,"Teddy Bear","Toys",10.99,12.99,20,"positive_stock",0,40,0.44,45.0,NULL,2.00,519.60,80.00,219.80
32,"Maven Toys Hermosillo 1","Hermosillo","Residential",33,"Teddy Bear","Toys",10.99,12.99,13,"positive_stock",0,0,0.00,NULL,NULL,2.00,0.00,0.00,142.87
33,"Maven Toys Monterrey 3","Monterrey","Airport",33,"Teddy Bear","Toys",10.99,12.99,9,"positive_stock",0,0,0.00,NULL,NULL,2.00,0.00,0.00,98.91
34,"Maven Toys Villahermosa 1","Villahermosa","Downtown",33,"Teddy Bear","Toys",10.99,12.99,9,"positive_stock",0,0,0.00,NULL,NULL,2.00,0.00,0.00,98.91
35,"Maven Toys Chilpancingo 1","Chilpancingo","Downtown",33,"Teddy Bear","Toys",10.99,12.99,14,"positive_stock",2,0,0.00,NULL,-100.0,2.00,0.00,0.00,153.86
36,"Maven Toys Morelia 1","Morelia","Downtown",33,"Teddy Bear","Toys",10.99,12.99,21,"positive_stock",18,26,0.29,72.7,44.4,2.00,337.74,52.00,230.79
37,"Maven Toys Ciudad de Mexico 3","Ciudad de Mexico","Residential",33,"Teddy Bear","Toys",10.99,12.99,10,"positive_stock",24,29,0.32,31.0,20.8,2.00,376.71,58.00,109.90
38,"Maven Toys Chihuahua 2","Chihuahua","Downtown",33,"Teddy Bear","Toys",10.99,12.99,9,"positive_stock",29,6,0.07,135.0,-79.3,2.00,77.94,12.00,98.91
39,"Maven Toys Xalapa 2","Xalapa","Downtown",33,"Teddy Bear","Toys",10.99,12.99,14,"positive_stock",18,34,0.38,37.1,88.9,2.00,441.66,68.00,153.86
40,"Maven Toys Toluca 2","Toluca","Commercial",33,"Teddy Bear","Toys",10.99,12.99,16,"positive_stock",20,3,0.03,480.0,-85.0,2.00,38.97,6.00,175.84
41,"Maven Toys Hermosillo 2","Hermosillo","Downtown",33,"Teddy Bear","Toys",10.99,12.99,13,"positive_stock",66,58,0.64,20.2,-12.1,2.00,753.42,116.00,142.87
42,"Maven Toys Hermosillo 3","Hermosillo","Commercial",33,"Teddy Bear","Toys",10.99,12.99,18,"positive_stock",0,1,0.01,1620.0,NULL,2.00,12.99,2.00,197.82
43,"Maven Toys Durango 1","Durango","Downtown",33,"Teddy Bear","Toys",10.99,12.99,5,"positive_stock",0,28,0.31,16.1,NULL,2.00,363.72,56.00,54.95
44,"Maven Toys Puebla 3","Puebla","Residential",33,"Teddy Bear","Toys",10.99,12.99,0,"confirmed_zero_stock",32,39,0.43,0.0,21.9,2.00,506.61,78.00,0.00
45,"Maven Toys Ciudad de Mexico 4","Ciudad de Mexico","Commercial",33,"Teddy Bear","Toys",10.99,12.99,7,"positive_stock",0,0,0.00,NULL,NULL,2.00,0.00,0.00,76.93
46,"Maven Toys Guadalajara 4","Guadalajara","Downtown",33,"Teddy Bear","Toys",10.99,12.99,11,"positive_stock",49,12,0.13,82.5,-75.5,2.00,155.88,24.00,120.89
47,"Maven Toys Monterrey 4","Monterrey","Commercial",33,"Teddy Bear","Toys",10.99,12.99,13,"positive_stock",0,28,0.31,41.8,NULL,2.00,363.72,56.00,142.87
48,"Maven Toys Saltillo 2","Saltillo","Commercial",33,"Teddy Bear","Toys",10.99,12.99,0,"confirmed_zero_stock",0,7,0.08,0.0,NULL,2.00,90.93,14.00,0.00
49,"Maven Toys Culiacan 1","Culiacan","Downtown",33,"Teddy Bear","Toys",10.99,12.99,15,"positive_stock",34,16,0.18,84.4,-52.9,2.00,207.84,32.00,164.85
50,"Maven Toys Guanajuato 3","Guanajuato","Residential",33,"Teddy Bear","Toys",10.99,12.99,1,"positive_stock",0,5,0.06,18.0,NULL,2.00,64.95,10.00,10.99
1,"Maven Toys Guadalajara 1","Guadalajara","Residential",34,"Toy Robot","Electronics",20.99,25.99,0,"confirmed_zero_stock",0,53,0.59,0.0,NULL,5.00,1377.47,265.00,0.00
2,"Maven Toys Monterrey 1","Monterrey","Residential",34,"Toy Robot","Electronics",20.99,25.99,18,"positive_stock",17,24,0.27,67.5,41.2,5.00,623.76,120.00,377.82
3,"Maven Toys Guadalajara 2","Guadalajara","Commercial",34,"Toy Robot","Electronics",20.99,25.99,7,"positive_stock",0,28,0.31,22.5,NULL,5.00,727.72,140.00,146.93
4,"Maven Toys Saltillo 1","Saltillo","Downtown",34,"Toy Robot","Electronics",20.99,25.99,0,"confirmed_zero_stock",38,31,0.34,0.0,-18.4,5.00,805.69,155.00,0.00
5,"Maven Toys La Paz 1","La Paz","Downtown",34,"Toy Robot","Electronics",20.99,25.99,10,"positive_stock",0,9,0.10,100.0,NULL,5.00,233.91,45.00,209.90
6,"Maven Toys Mexicali 1","Mexicali","Commercial",34,"Toy Robot","Electronics",20.99,25.99,8,"positive_stock",19,27,0.30,26.7,42.1,5.00,701.73,135.00,167.92
7,"Maven Toys Monterrey 2","Monterrey","Downtown",34,"Toy Robot","Electronics",20.99,25.99,2,"positive_stock",28,45,0.50,4.0,60.7,5.00,1169.55,225.00,41.98
8,"Maven Toys Pachuca 1","Pachuca","Downtown",34,"Toy Robot","Electronics",20.99,25.99,18,"positive_stock",13,0,0.00,NULL,-100.0,5.00,0.00,0.00,377.82
9,"Maven Toys Ciudad de Mexico 1","Ciudad de Mexico","Downtown",34,"Toy Robot","Electronics",20.99,25.99,5,"positive_stock",45,45,0.50,10.0,0.0,5.00,1169.55,225.00,104.95
10,"Maven Toys Campeche 1","Campeche","Downtown",34,"Toy Robot","Electronics",20.99,25.99,16,"positive_stock",53,22,0.24,65.5,-58.5,5.00,571.78,110.00,335.84
11,"Maven Toys Cuernavaca 1","Cuernavaca","Downtown",34,"Toy Robot","Electronics",20.99,25.99,9,"positive_stock",64,8,0.09,101.3,-87.5,5.00,207.92,40.00,188.91
12,"Maven Toys Chetumal 1","Chetumal","Downtown",34,"Toy Robot","Electronics",20.99,25.99,9,"positive_stock",16,30,0.33,27.0,87.5,5.00,779.70,150.00,188.91
13,"Maven Toys Mexicali 2","Mexicali","Downtown",34,"Toy Robot","Electronics",20.99,25.99,3,"positive_stock",51,99,1.10,2.7,94.1,5.00,2573.01,495.00,62.97
14,"Maven Toys Guanajuato 1","Guanajuato","Downtown",34,"Toy Robot","Electronics",20.99,25.99,8,"positive_stock",0,29,0.32,24.8,NULL,5.00,753.71,145.00,167.92
15,"Maven Toys Tuxtla Gutierrez 1","Tuxtla Gutierrez","Downtown",34,"Toy Robot","Electronics",20.99,25.99,7,"positive_stock",11,28,0.31,22.5,154.5,5.00,727.72,140.00,146.93
16,"Maven Toys San Luis Potosi 1","San Luis Potosi","Downtown",34,"Toy Robot","Electronics",20.99,25.99,2,"positive_stock",124,47,0.52,3.8,-62.1,5.00,1221.53,235.00,41.98
17,"Maven Toys Toluca 1","Toluca","Downtown",34,"Toy Robot","Electronics",20.99,25.99,11,"positive_stock",36,25,0.28,39.6,-30.6,5.00,649.75,125.00,230.89
18,"Maven Toys Merida 1","Merida","Downtown",34,"Toy Robot","Electronics",20.99,25.99,8,"positive_stock",49,50,0.56,14.4,2.0,5.00,1299.50,250.00,167.92
19,"Maven Toys Puebla 1","Puebla","Commercial",34,"Toy Robot","Electronics",20.99,25.99,15,"positive_stock",53,43,0.48,31.4,-18.9,5.00,1117.57,215.00,314.85
20,"Maven Toys Zacatecas 1","Zacatecas","Downtown",34,"Toy Robot","Electronics",20.99,25.99,19,"positive_stock",27,0,0.00,NULL,-100.0,5.00,0.00,0.00,398.81
21,"Maven Toys Santiago 1","Santiago","Downtown",34,"Toy Robot","Electronics",20.99,25.99,16,"positive_stock",9,15,0.17,96.0,66.7,5.00,389.85,75.00,335.84
22,"Maven Toys Guanajuato 2","Guanajuato","Commercial",34,"Toy Robot","Electronics",20.99,25.99,6,"positive_stock",35,18,0.20,30.0,-48.6,5.00,467.82,90.00,125.94
23,"Maven Toys Chihuahua 1","Chihuahua","Commercial",34,"Toy Robot","Electronics",20.99,25.99,18,"positive_stock",38,29,0.32,55.9,-23.7,5.00,753.71,145.00,377.82
24,"Maven Toys Aguascalientes 1","Aguascalientes","Downtown",34,"Toy Robot","Electronics",20.99,25.99,17,"positive_stock",23,33,0.37,46.4,43.5,5.00,857.67,165.00,356.83
25,"Maven Toys Ciudad Victoria 1","Ciudad Victoria","Downtown",34,"Toy Robot","Electronics",20.99,25.99,23,"positive_stock",28,50,0.56,41.4,78.6,5.00,1299.50,250.00,482.77
26,"Maven Toys Campeche 2","Campeche","Commercial",34,"Toy Robot","Electronics",20.99,25.99,17,"positive_stock",25,20,0.22,76.5,-20.0,5.00,519.80,100.00,356.83
27,"Maven Toys Oaxaca 1","Oaxaca","Downtown",34,"Toy Robot","Electronics",20.99,25.99,9,"positive_stock",37,71,0.79,11.4,91.9,5.00,1845.29,355.00,188.91
28,"Maven Toys Puebla 2","Puebla","Downtown",34,"Toy Robot","Electronics",20.99,25.99,19,"positive_stock",33,92,1.02,18.6,178.8,5.00,2391.08,460.00,398.81
29,"Maven Toys Xalapa 1","Xalapa","Commercial",34,"Toy Robot","Electronics",20.99,25.99,16,"positive_stock",12,39,0.43,36.9,225.0,5.00,1013.61,195.00,335.84
30,"Maven Toys Guadalajara 3","Guadalajara","Airport",34,"Toy Robot","Electronics",20.99,25.99,18,"positive_stock",114,42,0.47,38.6,-63.2,5.00,1091.58,210.00,377.82
31,"Maven Toys Ciudad de Mexico 2","Ciudad de Mexico","Airport",34,"Toy Robot","Electronics",20.99,25.99,20,"positive_stock",81,16,0.18,112.5,-80.2,5.00,415.84,80.00,419.80
32,"Maven Toys Hermosillo 1","Hermosillo","Residential",34,"Toy Robot","Electronics",20.99,25.99,20,"positive_stock",0,38,0.42,47.4,NULL,5.00,987.62,190.00,419.80
33,"Maven Toys Monterrey 3","Monterrey","Airport",34,"Toy Robot","Electronics",20.99,25.99,14,"positive_stock",18,30,0.33,42.0,66.7,5.00,779.70,150.00,293.86
34,"Maven Toys Villahermosa 1","Villahermosa","Downtown",34,"Toy Robot","Electronics",20.99,25.99,17,"positive_stock",0,6,0.07,255.0,NULL,5.00,155.94,30.00,356.83
35,"Maven Toys Chilpancingo 1","Chilpancingo","Downtown",34,"Toy Robot","Electronics",20.99,25.99,9,"positive_stock",25,14,0.16,57.9,-44.0,5.00,363.86,70.00,188.91
36,"Maven Toys Morelia 1","Morelia","Downtown",34,"Toy Robot","Electronics",20.99,25.99,2,"positive_stock",14,0,0.00,NULL,-100.0,5.00,0.00,0.00,41.98
37,"Maven Toys Ciudad de Mexico 3","Ciudad de Mexico","Residential",34,"Toy Robot","Electronics",20.99,25.99,13,"positive_stock",29,37,0.41,31.6,27.6,5.00,961.63,185.00,272.87
38,"Maven Toys Chihuahua 2","Chihuahua","Downtown",34,"Toy Robot","Electronics",20.99,25.99,18,"positive_stock",25,48,0.53,33.8,92.0,5.00,1247.52,240.00,377.82
39,"Maven Toys Xalapa 2","Xalapa","Downtown",34,"Toy Robot","Electronics",20.99,25.99,4,"positive_stock",49,8,0.09,45.0,-83.7,5.00,207.92,40.00,83.96
40,"Maven Toys Toluca 2","Toluca","Commercial",34,"Toy Robot","Electronics",20.99,25.99,5,"positive_stock",31,19,0.21,23.7,-38.7,5.00,493.81,95.00,104.95
41,"Maven Toys Hermosillo 2","Hermosillo","Downtown",34,"Toy Robot","Electronics",20.99,25.99,15,"positive_stock",75,0,0.00,NULL,-100.0,5.00,0.00,0.00,314.85
42,"Maven Toys Hermosillo 3","Hermosillo","Commercial",34,"Toy Robot","Electronics",20.99,25.99,34,"positive_stock",45,0,0.00,NULL,-100.0,5.00,0.00,0.00,713.66
43,"Maven Toys Durango 1","Durango","Downtown",34,"Toy Robot","Electronics",20.99,25.99,7,"positive_stock",9,18,0.20,35.0,100.0,5.00,467.82,90.00,146.93
44,"Maven Toys Puebla 3","Puebla","Residential",34,"Toy Robot","Electronics",20.99,25.99,22,"positive_stock",0,0,0.00,NULL,NULL,5.00,0.00,0.00,461.78
45,"Maven Toys Ciudad de Mexico 4","Ciudad de Mexico","Commercial",34,"Toy Robot","Electronics",20.99,25.99,3,"positive_stock",38,81,0.90,3.3,113.2,5.00,2105.19,405.00,62.97
46,"Maven Toys Guadalajara 4","Guadalajara","Downtown",34,"Toy Robot","Electronics",20.99,25.99,24,"positive_stock",17,36,0.40,60.0,111.8,5.00,935.64,180.00,503.76
47,"Maven Toys Monterrey 4","Monterrey","Commercial",34,"Toy Robot","Electronics",20.99,25.99,3,"positive_stock",28,52,0.58,5.2,85.7,5.00,1351.48,260.00,62.97
48,"Maven Toys Saltillo 2","Saltillo","Commercial",34,"Toy Robot","Electronics",20.99,25.99,39,"positive_stock",68,9,0.10,390.0,-86.8,5.00,233.91,45.00,818.61
49,"Maven Toys Culiacan 1","Culiacan","Downtown",34,"Toy Robot","Electronics",20.99,25.99,2,"positive_stock",31,48,0.53,3.8,54.8,5.00,1247.52,240.00,41.98
50,"Maven Toys Guanajuato 3","Guanajuato","Residential",34,"Toy Robot","Electronics",20.99,25.99,17,"positive_stock",16,30,0.33,51.0,87.5,5.00,779.70,150.00,356.83
1,"Maven Toys Guadalajara 1","Guadalajara","Residential",35,"Uno Card Game","Games",3.99,7.99,12,"positive_stock",52,0,0.00,NULL,-100.0,4.00,0.00,0.00,47.88
2,"Maven Toys Monterrey 1","Monterrey","Residential",35,"Uno Card Game","Games",3.99,7.99,NULL,"inventory_record_missing",0,0,0.00,NULL,NULL,4.00,0.00,0.00,NULL
3,"Maven Toys Guadalajara 2","Guadalajara","Commercial",35,"Uno Card Game","Games",3.99,7.99,NULL,"inventory_record_missing",0,0,0.00,NULL,NULL,4.00,0.00,0.00,NULL
4,"Maven Toys Saltillo 1","Saltillo","Downtown",35,"Uno Card Game","Games",3.99,7.99,4,"positive_stock",0,33,0.37,10.9,NULL,4.00,263.67,132.00,15.96
5,"Maven Toys La Paz 1","La Paz","Downtown",35,"Uno Card Game","Games",3.99,7.99,NULL,"inventory_record_missing",0,0,0.00,NULL,NULL,4.00,0.00,0.00,NULL
6,"Maven Toys Mexicali 1","Mexicali","Commercial",35,"Uno Card Game","Games",3.99,7.99,3,"positive_stock",24,18,0.20,15.0,-25.0,4.00,143.82,72.00,11.97
7,"Maven Toys Monterrey 2","Monterrey","Downtown",35,"Uno Card Game","Games",3.99,7.99,17,"positive_stock",39,21,0.23,72.9,-46.2,4.00,167.79,84.00,67.83
8,"Maven Toys Pachuca 1","Pachuca","Downtown",35,"Uno Card Game","Games",3.99,7.99,8,"positive_stock",23,25,0.28,28.8,8.7,4.00,199.75,100.00,31.92
9,"Maven Toys Ciudad de Mexico 1","Ciudad de Mexico","Downtown",35,"Uno Card Game","Games",3.99,7.99,4,"positive_stock",27,21,0.23,17.1,-22.2,4.00,167.79,84.00,15.96
10,"Maven Toys Campeche 1","Campeche","Downtown",35,"Uno Card Game","Games",3.99,7.99,2,"positive_stock",12,10,0.11,18.0,-16.7,4.00,79.90,40.00,7.98
11,"Maven Toys Cuernavaca 1","Cuernavaca","Downtown",35,"Uno Card Game","Games",3.99,7.99,NULL,"inventory_record_missing",0,0,0.00,NULL,NULL,4.00,0.00,0.00,NULL
12,"Maven Toys Chetumal 1","Chetumal","Downtown",35,"Uno Card Game","Games",3.99,7.99,9,"positive_stock",0,26,0.29,31.2,NULL,4.00,207.74,104.00,35.91
13,"Maven Toys Mexicali 2","Mexicali","Downtown",35,"Uno Card Game","Games",3.99,7.99,NULL,"inventory_record_missing",0,0,0.00,NULL,NULL,4.00,0.00,0.00,NULL
14,"Maven Toys Guanajuato 1","Guanajuato","Downtown",35,"Uno Card Game","Games",3.99,7.99,NULL,"inventory_record_missing",0,0,0.00,NULL,NULL,4.00,0.00,0.00,NULL
15,"Maven Toys Tuxtla Gutierrez 1","Tuxtla Gutierrez","Downtown",35,"Uno Card Game","Games",3.99,7.99,NULL,"inventory_record_missing",0,0,0.00,NULL,NULL,4.00,0.00,0.00,NULL
16,"Maven Toys San Luis Potosi 1","San Luis Potosi","Downtown",35,"Uno Card Game","Games",3.99,7.99,6,"positive_stock",17,33,0.37,16.4,94.1,4.00,263.67,132.00,23.94
17,"Maven Toys Toluca 1","Toluca","Downtown",35,"Uno Card Game","Games",3.99,7.99,NULL,"inventory_record_missing",0,0,0.00,NULL,NULL,4.00,0.00,0.00,NULL
18,"Maven Toys Merida 1","Merida","Downtown",35,"Uno Card Game","Games",3.99,7.99,10,"positive_stock",17,42,0.47,21.4,147.1,4.00,335.58,168.00,39.90
19,"Maven Toys Puebla 1","Puebla","Commercial",35,"Uno Card Game","Games",3.99,7.99,14,"positive_stock",0,31,0.34,40.6,NULL,4.00,247.69,124.00,55.86
20,"Maven Toys Zacatecas 1","Zacatecas","Downtown",35,"Uno Card Game","Games",3.99,7.99,NULL,"inventory_record_missing",0,0,0.00,NULL,NULL,4.00,0.00,0.00,NULL
21,"Maven Toys Santiago 1","Santiago","Downtown",35,"Uno Card Game","Games",3.99,7.99,NULL,"inventory_record_missing",0,0,0.00,NULL,NULL,4.00,0.00,0.00,NULL
22,"Maven Toys Guanajuato 2","Guanajuato","Commercial",35,"Uno Card Game","Games",3.99,7.99,2,"positive_stock",10,24,0.27,7.5,140.0,4.00,191.76,96.00,7.98
23,"Maven Toys Chihuahua 1","Chihuahua","Commercial",35,"Uno Card Game","Games",3.99,7.99,4,"positive_stock",12,10,0.11,36.0,-16.7,4.00,79.90,40.00,15.96
24,"Maven Toys Aguascalientes 1","Aguascalientes","Downtown",35,"Uno Card Game","Games",3.99,7.99,19,"positive_stock",14,10,0.11,171.0,-28.6,4.00,79.90,40.00,75.81
25,"Maven Toys Ciudad Victoria 1","Ciudad Victoria","Downtown",35,"Uno Card Game","Games",3.99,7.99,NULL,"inventory_record_missing",0,0,0.00,NULL,NULL,4.00,0.00,0.00,NULL
26,"Maven Toys Campeche 2","Campeche","Commercial",35,"Uno Card Game","Games",3.99,7.99,8,"positive_stock",1,18,0.20,40.0,1700.0,4.00,143.82,72.00,31.92
27,"Maven Toys Oaxaca 1","Oaxaca","Downtown",35,"Uno Card Game","Games",3.99,7.99,NULL,"inventory_record_missing",0,0,0.00,NULL,NULL,4.00,0.00,0.00,NULL
28,"Maven Toys Puebla 2","Puebla","Downtown",35,"Uno Card Game","Games",3.99,7.99,NULL,"inventory_record_missing",0,0,0.00,NULL,NULL,4.00,0.00,0.00,NULL
29,"Maven Toys Xalapa 1","Xalapa","Commercial",35,"Uno Card Game","Games",3.99,7.99,NULL,"inventory_record_missing",0,0,0.00,NULL,NULL,4.00,0.00,0.00,NULL
30,"Maven Toys Guadalajara 3","Guadalajara","Airport",35,"Uno Card Game","Games",3.99,7.99,NULL,"inventory_record_missing",0,0,0.00,NULL,NULL,4.00,0.00,0.00,NULL
31,"Maven Toys Ciudad de Mexico 2","Ciudad de Mexico","Airport",35,"Uno Card Game","Games",3.99,7.99,NULL,"inventory_record_missing",0,0,0.00,NULL,NULL,4.00,0.00,0.00,NULL
32,"Maven Toys Hermosillo 1","Hermosillo","Residential",35,"Uno Card Game","Games",3.99,7.99,NULL,"inventory_record_missing",0,0,0.00,NULL,NULL,4.00,0.00,0.00,NULL
33,"Maven Toys Monterrey 3","Monterrey","Airport",35,"Uno Card Game","Games",3.99,7.99,18,"positive_stock",0,0,0.00,NULL,NULL,4.00,0.00,0.00,71.82
34,"Maven Toys Villahermosa 1","Villahermosa","Downtown",35,"Uno Card Game","Games",3.99,7.99,20,"positive_stock",24,0,0.00,NULL,-100.0,4.00,0.00,0.00,79.80
35,"Maven Toys Chilpancingo 1","Chilpancingo","Downtown",35,"Uno Card Game","Games",3.99,7.99,NULL,"inventory_record_missing",0,0,0.00,NULL,NULL,4.00,0.00,0.00,NULL
36,"Maven Toys Morelia 1","Morelia","Downtown",35,"Uno Card Game","Games",3.99,7.99,12,"positive_stock",29,0,0.00,NULL,-100.0,4.00,0.00,0.00,47.88
37,"Maven Toys Ciudad de Mexico 3","Ciudad de Mexico","Residential",35,"Uno Card Game","Games",3.99,7.99,14,"positive_stock",34,17,0.19,74.1,-50.0,4.00,135.83,68.00,55.86
38,"Maven Toys Chihuahua 2","Chihuahua","Downtown",35,"Uno Card Game","Games",3.99,7.99,2,"positive_stock",0,24,0.27,7.5,NULL,4.00,191.76,96.00,7.98
39,"Maven Toys Xalapa 2","Xalapa","Downtown",35,"Uno Card Game","Games",3.99,7.99,NULL,"inventory_record_missing",0,0,0.00,NULL,NULL,4.00,0.00,0.00,NULL
40,"Maven Toys Toluca 2","Toluca","Commercial",35,"Uno Card Game","Games",3.99,7.99,NULL,"inventory_record_missing",0,0,0.00,NULL,NULL,4.00,0.00,0.00,NULL
41,"Maven Toys Hermosillo 2","Hermosillo","Downtown",35,"Uno Card Game","Games",3.99,7.99,10,"positive_stock",48,68,0.76,13.2,41.7,4.00,543.32,272.00,39.90
42,"Maven Toys Hermosillo 3","Hermosillo","Commercial",35,"Uno Card Game","Games",3.99,7.99,13,"positive_stock",8,20,0.22,58.5,150.0,4.00,159.80,80.00,51.87
43,"Maven Toys Durango 1","Durango","Downtown",35,"Uno Card Game","Games",3.99,7.99,NULL,"inventory_record_missing",0,0,0.00,NULL,NULL,4.00,0.00,0.00,NULL
44,"Maven Toys Puebla 3","Puebla","Residential",35,"Uno Card Game","Games",3.99,7.99,NULL,"inventory_record_missing",0,0,0.00,NULL,NULL,4.00,0.00,0.00,NULL
45,"Maven Toys Ciudad de Mexico 4","Ciudad de Mexico","Commercial",35,"Uno Card Game","Games",3.99,7.99,NULL,"inventory_record_missing",0,0,0.00,NULL,NULL,4.00,0.00,0.00,NULL
46,"Maven Toys Guadalajara 4","Guadalajara","Downtown",35,"Uno Card Game","Games",3.99,7.99,NULL,"inventory_record_missing",0,0,0.00,NULL,NULL,4.00,0.00,0.00,NULL
47,"Maven Toys Monterrey 4","Monterrey","Commercial",35,"Uno Card Game","Games",3.99,7.99,NULL,"inventory_record_missing",0,0,0.00,NULL,NULL,4.00,0.00,0.00,NULL
48,"Maven Toys Saltillo 2","Saltillo","Commercial",35,"Uno Card Game","Games",3.99,7.99,3,"positive_stock",17,35,0.39,7.7,105.9,4.00,279.65,140.00,11.97
49,"Maven Toys Culiacan 1","Culiacan","Downtown",35,"Uno Card Game","Games",3.99,7.99,19,"positive_stock",35,12,0.13,142.5,-65.7,4.00,95.88,48.00,75.81
50,"Maven Toys Guanajuato 3","Guanajuato","Residential",35,"Uno Card Game","Games",3.99,7.99,8,"positive_stock",0,4,0.04,180.0,NULL,4.00,31.96,16.00,31.92
